연번,위원회,등록일,분류기호,분류내용,공표순,년도,지침번호,명칭
1,산업위생,2018-11-27,A,시료 채취 및 분석지침,1,2018,A-1-2018,구리에 대한 작업환경측정·분석 기술지침
2,산업위생,2019-12-24,A,시료 채취 및 분석지침,2,2019,A-2-2019,납에 대한 작업환경측정·분석 기술지침
3,산업위생,2019-12-24,A,시료 채취 및 분석지침,3,2019,A-3-2019,니켈에 대한 작업환경측정·분석 기술지침
4,산업위생,2018-11-27,A,시료 채취 및 분석지침,4,2018,A-4-2018,마그네슘에 대한 작업환경측정·분석 기술지침
5,산업위생,2019-12-24,A,시료 채취 및 분석지침,5,2019,A-5-2019,망간에 대한 작업환경측정·분석 기술지침
6,산업위생,2018-11-27,A,시료 채취 및 분석지침,6,2018,A-6-2018,백금에 대한 작업환경측정·분석 기술지침
7,산업위생,2019-12-24,A,시료 채취 및 분석지침,7,2019,A-7-2019,베릴륨에 대한 작업환경측정·분석 기술지침
8,산업위생,2018-11-27,A,시료 채취 및 분석지침,8,2018,A-8-2018,셀레늄에 대한 작업환경측정·분석 기술지침
9,산업위생,2018-11-27,A,시료 채취 및 분석지침,9,2018,A-9-2018,아연에 대한 작업환경측정·분석 기술지침
10,산업위생,2018-11-27,A,시료 채취 및 분석지침,10,2018,A-10-2018,알루미늄에 대한 작업환경측정·분석 기술지침
11,산업위생,2018-11-27,A,시료 채취 및 분석지침,11,2018,A-11-2018,은에 대한 작업환경측정·분석 기술지침
12,산업위생,2018-11-27,A,시료 채취 및 분석지침,12,2018,A-12-2018,주석에 대한 작업환경측정·분석 기술지침 
13,산업위생,2018-11-27,A,시료 채취 및 분석지침,13,2018,A-13-2018,지르코니움에 대한 작업환경측정분석 기술지침
14,산업위생,2019-12-24,A,시료 채취 및 분석지침,14,2019,A-14-2019,카드뮴에 대한 작업환경측정·분석 기술지침
15,산업위생,2019-12-24,A,시료 채취 및 분석지침,15,2019,A-15-2019,코발트에 대한 작업환경측정·분석 기술지침
16,산업위생,2018-11-27,A,시료 채취 및 분석지침,16,2018,A-16-2018,크롬에 대한 작업환경측정·분석 기술지침
17,산업위생,2018-11-27,A,시료 채취 및 분석지침,17,2018,A-17-2018,티타늄에 대한 작업환경측정·분석 기술지침
18,산업위생,2018-11-27,A,시료 채취 및 분석지침,18,2018,A-18-2018,철에 대한 작업환경측정·분석 기술지침
19,산업위생,2019-12-24,A,시료 채취 및 분석지침,19,2019,A-19-2019,디클로로메탄에 대한 작업환경측정·분석 기술지침
20,산업위생,2019-12-24,A,시료 채취 및 분석지침,20,2019,A-20-2019,브롬화메틸에 대한 작업환경측정·분석 기술지침
21,산업위생,2018-11-27,A,시료 채취 및 분석지침,21,2018,A-21-2018,염소화비페닐에 대한 작업환경측정·분석 기술지침
22,산업위생,2019-12-24,A,시료 채취 및 분석지침,22,2019,A-22-2019,염화비닐에 대한 작업환경측정·분석 기술지침
23,산업위생,2018-11-27,A,시료 채취 및 분석지침,23,2018,A-23-2018,"1,1,2,2-테트라클로로에탄에 대한 작업환경측정·분석 기술지침"
24,산업위생,2019-12-24,A,시료 채취 및 분석지침,24,2019,A-24-2019,트리클로로에틸렌에 대한 작업환경측정·분석 기술지침
25,산업위생,2018-11-27,A,시료 채취 및 분석지침,25,2018,A-25-2018,"1,2-디클로로에탄에 대한 작업환경측정·분석 기술지침"
26,산업위생,2018-11-27,A,시료 채취 및 분석지침,26,2018,A-26-2018,"1,2-디클로로에틸렌에 대한 작업환경측정·분석 기술지침"
27,산업위생,2018-11-27,A,시료 채취 및 분석지침,27,2018,A-27-2018,사염화탄소에 대한 작업환경측정·분석 기술지침
28,산업위생,2019-12-24,A,시료 채취 및 분석지침,28,2019,A-28-2019,트리클로로메탄에 대한 작업환경측정·분석 기술지침
29,산업위생,2018-11-27,A,시료 채취 및 분석지침,29,2018,A-29-2018,오르토-디클로로벤젠에 대한 작업환경측정·분석 기술지침
30,산업위생,2018-11-27,A,시료 채취 및 분석지침,30,2018,A-30-2018,클로로벤젠에 대한 작업환경측정·분석 기술지침
31,산업위생,2018-11-27,A,시료 채취 및 분석지침,31,2018,A-31-2018,테트라클로로에틸렌에 대한 작업환경측정·분석 기술지침
32,산업위생,2018-11-27,A,시료 채취 및 분석지침,32,2018,A-32-2018,메틸클로로포름에 대한 작업환경측정·분석 기술지침
33,산업위생,2018-11-27,A,시료 채취 및 분석지침,33,2018,A-33-2018,"1,2,3-트리클로로프로판에 대한 작업환경측정·분석 기술지침"
34,산업위생,2018-11-27,A,시료 채취 및 분석지침,34,2018,A-34-2018,메틸클로라이드에 대한 작업환경측정·분석 기술지침
35,산업위생,2018-11-27,A,시료 채취 및 분석지침,36,2018,A-36-2018,에틸렌글리콜모노부틸아세테이트에 대한 작업환경측정·분석 기술지침
36,산업위생,2018-11-27,A,시료 채취 및 분석지침,37,2018,A-37-2018,디클로로플루오르메탄에 대한 작업환경측정·분석 기술지침
37,산업위생,2018-11-27,A,시료 채취 및 분석지침,38,2018,A-38-2018,에틸렌클로로하이드린에 대한 작업환경측정·분석 기술지침
38,산업위생,2018-11-27,A,시료 채취 및 분석지침,39,2018,A-39-2018,1-브로모프로판에 대한 작업환경측정·분석 기술지침
39,산업위생,2019-12-24,A,시료 채취 및 분석지침,40,2019,A-40-2019,2-브로모프로판에 대한 작업환경측정·분석 기술지침
40,산업위생,2018-11-27,A,시료 채취 및 분석지침,41,2018,A-41-2018,프레온 141b에 대한 작업환경측정·분석 기술지침
41,산업위생,2018-11-27,A,시료 채취 및 분석지침,42,2018,A-42-2018,프레온 113에 대한 작업환경측정·분석 기술지침
42,산업위생,2018-11-27,A,시료 채취 및 분석지침,43,2018,A-43-2018,바륨에 대한 작업환경측정·분석 기술지침
43,산업위생,2019-12-24,A,시료 채취 및 분석지침,44,2019,A-44-2019,수은에 대한 작업환경측정·분석 기술지침
44,산업위생,2018-11-27,A,시료 채취 및 분석지침,45,2018,A-45-2018,안티몬에 대한 작업환경측정·분석 기술지침
45,산업위생,2021-12-31,A,시료 채취 및 분석지침,46,2021,A-46-2021,요오드에 대한 작업환경측정·분석 기술지침
46,산업위생,2018-11-27,A,시료 채취 및 분석지침,47,2018,A-47-2018,텅스텐에 대한 작업환경측정·분석 기술지침
47,산업위생,2021-12-31,A,시료 채취 및 분석지침,48,2021,A-48-2021,오산화바나듐에 대한 작업환경측정·분석 기술지침
48,산업위생,2019-12-24,A,시료 채취 및 분석지침,49,2019,A-49-2019,니켈카르보닐에 대한 작업환경측정·분석 기술지침
49,산업위생,2018-11-27,A,시료 채취 및 분석지침,50,2018,A-50-2018,유기주석에 대한 작업환경측정·분석 기술지침
50,산업위생,2018-11-27,A,시료 채취 및 분석지침,51,2018,A-51-2018,비소에 대한 작업환경측정·분석 기술지침
51,산업위생,2018-11-27,A,시료 채취 및 분석지침,52,2018,A-52-2018,삼수소화비소에 대한 작업환경측정·분석 기술지침
52,산업위생,2018-11-27,A,시료 채취 및 분석지침,53,2018,A-53-2018,금속가공유에 대한 작업환경측정·분석 기술지침
53,산업위생,2018-11-27,A,시료 채취 및 분석지침,54,2018,A-54-2018,글루타르알데히드에 대한 작업환경측정·분석 기술지침(HPLC법)
54,산업위생,2018-11-27,A,시료 채취 및 분석지침,55,2018,A-55-2018,글루타르알데히드에 대한 작업환경측정·분석 기술지침(GC법)
55,산업위생,2019-12-24,A,시료 채취 및 분석지침,56,2019,A-56-2019,포름알데히드에 대한 작업환경측정·분석 기술지침(HPLC법)
56,산업위생,2018-11-27,A,시료 채취 및 분석지침,57,2018,A-57-2018,포름알데히드에 대한 작업환경측정·분석 기술지침(GC법)
57,산업위생,2018-11-27,A,시료 채취 및 분석지침,58,2018,A-58-2018,아세트알데히드에 대한 작업환경측정·분석 기술지침(HPLC법)
58,산업위생,2018-11-27,A,시료 채취 및 분석지침,59,2018,A-59-2018,아세트알데히드에 대한 작업환경측정·분석 기술지침(GC법)
59,산업위생,2018-11-27,A,시료 채취 및 분석지침,60,2018,A-60-2018,디클로로벤지딘에 대한 작업환경측정·분석 기술지침
60,산업위생,2018-11-27,A,시료 채취 및 분석지침,61,2018,A-61-2018,디아니시딘에 대한 작업환경측정·분석 기술지침
61,산업위생,2018-11-27,A,시료 채취 및 분석지침,62,2018,A-62-2018,히드라진에 대한 작업환경측정·분석 기술지침
62,산업위생,2018-11-27,A,시료 채취 및 분석지침,63,2018,A-63-2018,헵탄에 대한 작업환경측정·분석 기술지침
63,산업위생,2019-12-24,A,시료 채취 및 분석지침,64,2019,A-64-2019,헥산에 대한 작업환경측정·분석 기술지침
64,산업위생,2018-11-27,A,시료 채취 및 분석지침,65,2018,A-65-2018,시클로헥산에 대한 작업환경측정·분석 기술지침
65,산업위생,2018-11-27,A,시료 채취 및 분석지침,66,2018,A-66-2018,시클로헥센에 대한 작업환경측정·분석 기술지침
66,산업위생,2018-11-27,A,시료 채취 및 분석지침,67,2018,A-67-2018,니트로글리세린에 대한 작업환경측정·분석 기술지침
67,산업위생,2018-11-27,A,시료 채취 및 분석지침,68,2018,A-68-2018,에틸렌글리콜디나이트레이트에 대한 작업환경측정·분석 기술지침
68,산업위생,2019-12-24,A,시료 채취 및 분석지침,69,2019,A-69-2019,벤젠에 대한 작업환경측정·분석 기술지침
69,산업위생,2019-12-24,A,시료 채취 및 분석지침,70,2019,A-70-2019,스티렌에 대한 작업환경측정·분석 기술지침
70,산업위생,2018-11-27,A,시료 채취 및 분석지침,71,2018,A-71-2018,에틸벤젠에 대한 작업환경측정·분석 기술지침
71,산업위생,2019-12-24,A,시료 채취 및 분석지침,72,2019,A-72-2019,톨루엔에 대한 작업환경측정·분석 기술지침
72,산업위생,2018-11-27,A,시료 채취 및 분석지침,73,2018,A-73-2018,크실렌에 대한 작업환경측정·분석 기술지침
73,산업위생,2018-11-27,A,시료 채취 및 분석지침,74,2018,A-74-2018,크레졸에 대한 작업환경측정·분석 기술지침
74,산업위생,2018-11-27,A,시료 채취 및 분석지침,75,2018,A-75-2018,페놀에 대한 작업환경측정·분석 기술지침
75,산업위생,2019-12-24,A,시료 채취 및 분석지침,76,2019,A-76-2019,"톨루엔-2,4-디이소시아네이트에 대한 작업환경측정·분석 기술지침"
76,산업위생,2019-12-24,A,시료 채취 및 분석지침,77,2019,A-77-2019,"톨루엔-2,6-디이소시아네이트에 대한 작업환경측정·분석 기술지침"
77,산업위생,2018-11-27,A,시료 채취 및 분석지침,78,2018,A-78-2018,"1,6-헥사메틸렌디이소시아네이트에 대한 작업환경측정·분석 기술지침"
78,산업위생,2019-12-24,A,시료 채취 및 분석지침,79,2019,A-79-2019,메틸렌비스페닐이소시아네이트에 대한 작업환경측정·분석 기술지침
79,산업위생,2018-11-27,A,시료 채취 및 분석지침,80,2018,A-80-2018,p-니트로클로로벤젠에 대한 작업환경측정·분석 기술지침
80,산업위생,2018-11-27,A,시료 채취 및 분석지침,81,2018,A-81-2018,디니트로톨루엔에 대한 작업환경측정·분석 기술지침
81,산업위생,2018-11-27,A,시료 채취 및 분석지침,82,2018,A-82-2018,펜타클로로페놀에 대한 작업환경측정·분석 기술지침
82,산업위생,2018-11-27,A,시료 채취 및 분석지침,83,2018,A-83-2018,"1,2-에폭시프로판에 대한 작업환경측정분석 기술지침"
83,산업위생,2018-11-27,A,시료 채취 및 분석지침,84,2018,A-84-2018,피리딘에 대한 작업환경측정·분석 기술지침
84,산업위생,2018-11-27,A,시료 채취 및 분석지침,85,2018,A-85-2018,에피클로로히드린에 대한 작업환경측정·분석 기술지침
85,산업위생,2018-11-27,A,시료 채취 및 분석지침,86,2018,A-86-2018,니트로메탄에 대한 작업환경측정·분석 기술지침
86,산업위생,2018-11-27,A,시료 채취 및 분석지침,87,2018,A-87-2018,디하이드록시벤젠에 대한 작업환경측정·분석 기술지침
87,산업위생,2018-11-27,A,시료 채취 및 분석지침,88,2018,A-88-2018,말레익언하이드라이드에 대한 작업환경측정·분석 기술지침
88,산업위생,2018-11-27,A,시료 채취 및 분석지침,89,2018,A-89-2018,프탈릭언하이드라이드에 대한 작업환경측정·분석 기술지침
89,산업위생,2019-12-24,A,시료 채취 및 분석지침,90,2019,A-90-2019,"1,3-부타디엔에 대한 작업환경측정·분석 기술지침"
90,산업위생,2019-12-24,A,시료 채취 및 분석지침,91,2019,A-91-2019,아닐린에 대한 작업환경측정·분석 기술지침
91,산업위생,2018-11-27,A,시료 채취 및 분석지침,92,2018,A-92-2018,o-톨루이딘에 대한 작업환경측정·분석 기술지침
92,산업위생,2018-11-27,A,시료 채취 및 분석지침,93,2018,A-93-2018,니트로벤젠에 대한 작업환경측정·분석 기술지침
93,산업위생,2018-11-27,A,시료 채취 및 분석지침,94,2018,A-94-2018,o-메틸시클로헥사논에 대한 작업환경측정·분석 기술지침
94,산업위생,2018-11-27,A,시료 채취 및 분석지침,95,2018,A-95-2018,메틸시클로헥사놀에 대한 작업환경측정·분석 기술지침
95,산업위생,2019-12-24,A,시료 채취 및 분석지침,96,2019,A-96-2019,아크릴로니트릴에 대한 작업환경측정·분석 기술지침
96,산업위생,2018-11-27,A,시료 채취 및 분석지침,97,2018,A-97-2018,아크릴아미드에 대한 작업환경측정·분석 기술지침
97,산업위생,2018-11-27,A,시료 채취 및 분석지침,98,2018,A-98-2018,알파나프틸아민에 대한 작업환경측정·분석 기술지침
98,산업위생,2019-12-24,A,시료 채취 및 분석지침,99,2019,A-99-2019,이황화탄소에 대한 작업환경측정·분석 기술지침
99,산업위생,2018-11-27,A,시료 채취 및 분석지침,100,2018,A-100-2018,디메틸아닐린에 대한 작업환경측정·분석 기술지침
100,산업위생,2018-11-27,A,시료 채취 및 분석지침,101,2018,A-101-2018,테트라하드이로퓨란에 대한 작업환경측정·분석 기술지침
101,산업위생,2018-11-27,A,시료 채취 및 분석지침,102,2018,A-102-2018,황산디메틸에 대한 작업환경측정·분석 기술지침
102,산업위생,2018-11-27,A,시료 채취 및 분석지침,103,2018,A-103-2018,요오드화메틸에 대한 작업환경측정·분석 기술지침
103,산업위생,2018-11-27,A,시료 채취 및 분석지침,104,2018,A-104-2018,메틸에틸케톤에 대한 작업환경측정·분석 기술지침
104,산업위생,2018-11-27,A,시료 채취 및 분석지침,105,2018,A-105-2018,디이소부틸케톤에 대한 작업환경측정·분석 기술지침
105,산업위생,2018-11-27,A,시료 채취 및 분석지침,106,2018,A-106-2018,메틸 n-부틸케톤에 대한 작업환경측정·분석 기술지침
106,산업위생,2018-11-27,A,시료 채취 및 분석지침,107,2018,A-107-2018,메틸 n-아밀케톤에 대한 작업환경측정·분석 기술지침
107,산업위생,2018-11-27,A,시료 채취 및 분석지침,108,2018,A-108-2018,메틸이소부틸케톤에 대한 작업환경측정·분석 기술지침
108,산업위생,2019-12-24,A,시료 채취 및 분석지침,109,2019,A-109-2019,시클로헥사논에 대한 작업환경측정·분석 기술지침
109,산업위생,2018-11-27,A,시료 채취 및 분석지침,110,2018,A-110-2018,아세톤에 대한 작업환경측정·분석 기술지침
110,산업위생,2018-11-27,A,시료 채취 및 분석지침,111,2018,A-111-2018,비닐아세테이트에 대한 작업환경측정·분석 기술지침
111,산업위생,2018-11-27,A,시료 채취 및 분석지침,112,2018,A-112-2018,스토다드솔벤트에 대한 작업환경측정·분석 기술지침
112,산업위생,2018-11-27,A,시료 채취 및 분석지침,113,2018,A-113-2018,아세토니트릴에 대한 작업환경측정·분석 기술지침
113,산업위생,2019-12-24,A,시료 채취 및 분석지침,114,2019,A-114-2019,"N,N-디메틸포름아미드에 대한 작업환경측정·분석 기술지침"
114,산업위생,2018-11-27,A,시료 채취 및 분석지침,115,2018,A-115-2018,"N,N-디메틸아세트아미드에 대한 작업환경측정·분석 기술지침"
115,산업위생,2018-11-27,A,시료 채취 및 분석지침,116,2018,A-116-2018,"1,4-디옥산에 대한 작업환경측정·분석 기술지침"
116,산업위생,2023-08-24,A,시료 채취 및 분석지침,117,2023,A-117-2023,메탄올에 대한 작업환경측정·분석 기술지침
117,산업위생,2018-11-27,A,시료 채취 및 분석지침,118,2018,A-118-2018,에틸렌글리콜모노메틸에테르에 대한 작업환경측정·분석 기술지침
118,산업위생,2018-11-27,A,시료 채취 및 분석지침,119,2018,A-119-2018,에틸렌글리콜모노부틸에테르에 대한 작업환경측정·분석 기술지침
119,산업위생,2018-11-27,A,시료 채취 및 분석지침,120,2018,A-120-2018,에틸렌글리콜모노에틸에테르에 대한 작업환경측정·분석 기술지침
120,산업위생,2018-11-27,A,시료 채취 및 분석지침,121,2018,A-121-2018,에틸아크릴레이트에 대한 작업환경측정·분석 기술지침
121,산업위생,2018-11-27,A,시료 채취 및 분석지침,122,2018,A-122-2018,에틸렌글리콜모노에틸에테르아세테이트에 대한 작업환경측정·분석 기술지침
122,산업위생,2018-11-27,A,시료 채취 및 분석지침,123,2018,A-123-2018,초산부틸에 대한 작업환경측정·분석 기술지침
123,산업위생,2018-11-27,A,시료 채취 및 분석지침,124,2018,A-124-2018,초산이소부틸에 대한 작업환경측정·분석 기술지침
124,산업위생,2018-11-27,A,시료 채취 및 분석지침,125,2018,A-125-2018,초산이소펜틸에 대한 작업환경측정·분석 기술지침
125,산업위생,2018-11-27,A,시료 채취 및 분석지침,126,2018,A-126-2018,초산펜틸에 대한 작업환경측정·분석 기술지침
126,산업위생,2018-11-27,A,시료 채취 및 분석지침,127,2018,A-127-2018,초산프로필에 대한 작업환경측정·분석 기술지침
127,산업위생,2018-11-27,A,시료 채취 및 분석지침,128,2018,A-128-2018,에틸에테르에 대한 작업환경측정·분석 기술지침
128,산업위생,2018-11-27,A,시료 채취 및 분석지침,129,2018,A-129-2018,초산이소프로필에 대한 작업환경측정·분석 기술지침
129,산업위생,2018-11-27,A,시료 채취 및 분석지침,130,2018,A-130-2018,초산메틸에 대한 작업환경측정·분석 기술지침
130,산업위생,2018-11-27,A,시료 채취 및 분석지침,131,2018,A-131-2018,초산에틸에 대한 작업환경측정·분석 기술지침
131,산업위생,2018-11-27,A,시료 채취 및 분석지침,132,2018,A-132-2018,2-디에틸아미노에탄올에 대한 작업환경측정·분석 기술지침
132,산업위생,2018-11-27,A,시료 채취 및 분석지침,133,2018,A-133-2018,이소프로필알콜에 대한 작업환경측정·분석 기술지침
133,산업위생,2018-11-27,A,시료 채취 및 분석지침,134,2018,A-134-2018,에탄올아민에 대한 작업환경측정·분석 기술지침
134,산업위생,2018-11-27,A,시료 채취 및 분석지침,135,2018,A-135-2018,1-부탄올에 대한 작업환경측정·분석 기술지침
135,산업위생,2018-11-27,A,시료 채취 및 분석지침,136,2018,A-136-2018,2-부탄올에 대한 작업환경측정·분석 기술지침
136,산업위생,2018-11-27,A,시료 채취 및 분석지침,137,2018,A-137-2018,이소부틸알콜에 대한 작업환경측정·분석 기술지침
137,산업위생,2018-11-27,A,시료 채취 및 분석지침,138,2018,A-138-2018,디메틸아민에 대한 작업환경측정·분석 기술지침
138,산업위생,2018-11-27,A,시료 채취 및 분석지침,139,2018,A-139-2018,시클로헥사놀에 대한 작업환경측정·분석 기술지침
139,산업위생,2018-11-27,A,시료 채취 및 분석지침,140,2018,A-140-2018,이소아밀알콜에 대한 작업환경측정·분석 기술지침
140,산업위생,2018-11-27,A,시료 채취 및 분석지침,141,2018,A-141-2018,디에틸아민에 대한 작업환경측정·분석 기술지침
141,산업위생,2018-11-27,A,시료 채취 및 분석지침,142,2018,A-142-2018,디에탄올아민에 대한 작업환경측정·분석 기술지침
142,산업위생,2018-11-27,A,시료 채취 및 분석지침,143,2018,A-143-2018,디에틸렌트리아민에 대한 작업환경측정·분석 기술지침
143,산업위생,2018-11-27,A,시료 채취 및 분석지침,144,2018,A-144-2018,알릴글리시딜에테르에 대한 작업환경측정·분석 기술지침
144,산업위생,2018-11-27,A,시료 채취 및 분석지침,145,2018,A-145-2018,에틸렌글리콜에 대한 작업환경측정·분석 기술지침
145,산업위생,2018-11-27,A,시료 채취 및 분석지침,146,2018,A-146-2018,트리에틸아민에 대한 작업환경측정·분석 기술지침
146,산업위생,2018-11-27,A,시료 채취 및 분석지침,147,2018,A-147-2018,메틸아민에 대한 작업환경측정·분석 기술지침
147,산업위생,2018-11-27,A,시료 채취 및 분석지침,148,2018,A-148-2018,에틸아민에 대한 작업환경측정·분석 기술지침
148,산업위생,2018-11-27,A,시료 채취 및 분석지침,149,2018,A-149-2018,"2,3-에폭시-1-프로판올에 대한 작업환경측정·분석 기술지침"
149,산업위생,2018-11-27,A,시료 채취 및 분석지침,150,2018,A-150-2018,2-메톡시에틸아세테이트에 대한 작업환경측정·분석 기술지침
150,산업위생,2018-11-27,A,시료 채취 및 분석지침,151,2018,A-151-2018,개미산에 대한 작업환경측정·분석 기술지침
151,산업위생,2018-11-27,A,시료 채취 및 분석지침,152,2018,A-152-2018,과산화수소에 대한 작업환경측정·분석 기술지침
152,산업위생,2018-11-27,A,시료 채취 및 분석지침,153,2018,A-153-2018,무수초산에 대한 작업환경측정·분석 기술지침
153,산업위생,2018-11-27,A,시료 채취 및 분석지침,154,2018,A-154-2018,불화수소에 대한 작업환경측정·분석 기술지침
154,산업위생,2018-11-27,A,시료 채취 및 분석지침,155,2018,A-155-2018,브롬화수소에 대한 작업환경측정·분석 기술지침
155,산업위생,2018-11-27,A,시료 채취 및 분석지침,156,2018,A-156-2018,수산화나트륨에 대한 작업환경측정·분석 기술지침
156,산업위생,2018-11-27,A,시료 채취 및 분석지침,157,2018,A-157-2018,수산화칼륨에 대한 작업환경측정·분석 기술지침
157,산업위생,2018-11-27,A,시료 채취 및 분석지침,158,2018,A-158-2018,시안화나트륨에 대한 작업환경측정·분석 기술지침
158,산업위생,2018-11-27,A,시료 채취 및 분석지침,159,2018,A-159-2018,시안화칼륨에 대한 작업환경측정·분석 기술지침
159,산업위생,2018-11-27,A,시료 채취 및 분석지침,160,2018,A-160-2018,시안화칼슘에 대한 작업환경측정·분석 기술지침
160,산업위생,2016-06-30,A,시료 채취 및 분석지침,161,2016,A-161-2016,디젤입자상물질(원소탄소분석)에 대한 작업환경측정·분석 기술지침
161,산업위생,2016-06-30,A,시료 채취 및 분석지침,162,2016,A-162-2016,탄소나노튜브 및 탄소나노섬유(원소탄소분석)에 대한 작업환경측정·분석 기술지침
162,산업위생,2018-11-27,A,시료 채취 및 분석지침,163,2018,A-163-2018,"2-클로로-1,3-부타디엔에 대한 작업환경측정,분석 기술지침"
163,산업위생,2018-11-27,A,시료 채취 및 분석지침,164,2018,A-164-2018,"디(2-에틸헥실)프탈레이트에 대한 작업환경 측정,분석 기술지침"
164,산업위생,2018-11-27,A,시료 채취 및 분석지침,165,2018,A-165-2018,"브이엠 및 피 나프타에 대한 작업환경측정,분석 기술지침"
165,산업위생,2018-11-27,A,시료 채취 및 분석지침,166,2018,A-166-2018,"페닐글리시딜에테르에 대한 작업환경측정,분석 기술지침"
166,산업위생,2018-11-27,A,시료 채취 및 분석지침,167,2018,A-167-2018,"1,1,2-트리클로로에탄에 대한 작업환측정분석 기술지침"
167,산업위생,2018-11-27,A,시료 채취 및 분석지침,168,2018,A-168-2018,P-니트로아닐린에 대한 작업환경 측정분석 기술지침
168,산업위생,2018-11-27,A,시료 채취 및 분석지침,169,2018,A-169-2018,수산화테트라메틸암모늄에 대한 작업환경측정분석 기술지침
169,산업위생,2018-11-27,A,시료 채취 및 분석지침,170,2018,A-170-2018,에틸렌이민에 대한 작업환경측정분석 기술지침
170,산업위생,2018-11-27,A,시료 채취 및 분석지침,171,2018,A-171-2018,초산이소아밀에 대한 작업환경측정분석 기술지침
171,산업위생,2018-11-27,A,시료 채취 및 분석지침,172,2018,A-172-2018,프로필렌이민에 대한 작업환경측정분석 기술지침
172,산업위생,2019-12-24,A,시료 채취 및 분석지침,173,2019,A-173-2019,6가크롬에 대한 작업환경측정·분석 기술지침
173,산업위생,2019-12-24,A,시료 채취 및 분석지침,174,2019,A-174-2019,산화에틸렌에대한작업환경측정·분석기술지침
174,산업위생,2019-12-24,A,시료 채취 및 분석지침,175,2019,A-175-2019,석면에대한작업환경측정·분석기술지침
175,산업위생,2019-12-24,A,시료 채취 및 분석지침,176,2019,A-176-2019,암모니아에 대한 작업환경측정·분석 기술지침
176,산업위생,2019-12-24,A,시료 채취 및 분석지침,177,2019,A-177-2019,염소에대한작업환경측정·분석기술지침
177,산업위생,2019-12-24,A,시료 채취 및 분석지침,178,2019,A-178-2019,콜타르피치 휘발물에대한작업환경측정·분석기술지침
178,산업위생,2019-12-24,A,시료 채취 및 분석지침,179,2019,A-179-2019,황산에대한작업환경측정·분석기술지침
179,산업위생,2020-10-08,A,시료 채취 및 분석지침,180,2020,A-180-2020,작업환경측정 분석에 대한 일반 기술지침
180,산업위생,2020-10-08,A,시료 채취 및 분석지침,181,2020,A-181-2020,인듐에 대한 작업환경측정·분석 기술지침
181,산업위생,2020-10-08,A,시료 채취 및 분석지침,182,2020,A-182-2020,아크릴산에 대한 작업환경측정·분석 기술지침
182,산업위생,2020-10-08,A,시료 채취 및 분석지침,183,2020,A-183-2020,염화수소에 대한 작업환경측정·분석 기술지침
183,산업위생,2020-10-08,A,시료 채취 및 분석지침,184,2020,A-184-2020,인산에 대한 작업환경측정·분석 기술지침
184,산업위생,2020-10-08,A,시료 채취 및 분석지침,185,2020,A-185-2020,질산에 대한 작업환경측정·분석 기술지침
185,산업위생,2020-10-08,A,시료 채취 및 분석지침,186,2020,A-186-2020,초산에 대한 작업환경측정·분석 기술지침
186,산업위생,2020-10-08,A,시료 채취 및 분석지침,187,2020,A-187-2020,트리클로로아세트산에 대한 작업환경측정·분석 기술지침
187,산업위생,2021-05-26,A,시료 채취 및 분석지침,188,2021,A-188-2021,"1,2-디클로로프로판에 대한 작업환경측정·분석 기술지침"
188,산업위생,2021-05-26,A,시료 채취 및 분석지침,189,2021,A-189-2021,일산화탄소에 대한 작업환경측정·분석 기술지침
189,산업위생,2023-08-24,A,시료 채취 및 분석지침,190,2023,A-190-2023,수동식시료채취기를 이용한 탄화수소(끓는점 36-180℃)에 대한 작업환경측정·분석 기술지침
190,산업위생,2023-08-24,A,시료 채취 및 분석지침,191,2023,A-191-2023,수동식시료채취기를 이용한 할로겐화탄화수소에 대한 작업환경측정·분석 기술지침
191,산업위생,2023-08-24,A,시료 채취 및 분석지침,192,2023,A-192-2023,수동식시료채취기를 이용한 에스테르화합물에 대한 작업환경측정·분석 기술지침
192,산업위생,2023-08-24,A,시료 채취 및 분석지침,193,2023,A-193-2023,수동식시료채취기를 이용한 알코올 및 글리콜에테르화합물에 대한 작업환경측정·분석 기술지침
193,기계안전,2011-12-29,B,조선·항만하역지침,4,2011,B-4-2011,잠수작업 안전기술지침
194,기계안전,2011-12-29,B,조선·항만하역지침,5,2011,B-5-2011,조선업 안전점검 기술지침
195,기계안전,2011-12-29,B,조선·항만하역지침,6,2011,B-6-2011,부선 안전작업 기술지침
196,산업안전일반,2015-12-07,B,조선·항만하역지침,7,2015,B-7-2015,컨테이너 하역 안전에 관한 기술지침
197,산업안전일반,2021-12-01,B,조선·항만하역지침,8,2021,B-8-2021,수중 용단 안전작업 지침
198,건설안전,2011-12-29,C,건설안전지침,1,2011,C-1-2011,"시스템폼(RCS폼, ACS폼 중심) 안전작업지침"
199,건설안전,2020-12-24,C,건설안전지침,2,2020,C-2-2020,수상 바지(Barge)선 이용 건설공사 안전작업 지침
200,건설안전,2011-12-29,C,건설안전지침,3,2011,C-3-2011,교량공사(P.S.M공법) 안전작업지침
201,건설안전,2012-08-27,C,건설안전지침,4,2012,C-4-2012,흙막이공사(엄지말뚝 공법) 안전보건작업 지침
202,건설안전,2016-11-30,C,건설안전지침,5,2016,C-5-2016,건설공사 돌관작업 안전보건작업 지침
203,건설안전,2015-12-07,C,건설안전지침,6,2015,C-6-2015,타일(Tile)공사 안전보건작업 지침
204,건설안전,2012-08-27,C,건설안전지침,7,2012,C-7-2012,시트(Sheet)방수 안전보건작업 지침
205,건설안전,2015-12-07,C,건설안전지침,8,2015,C-8-2015,작업발판 설치 및 사용안전 지침
206,건설안전,2012-08-27,C,건설안전지침,9,2012,C-9-2012,관로매설공사(유압식 추진공법) 안전보건작업 지침
207,건설안전,2016-11-30,C,건설안전지침,10,2016,C-10-2016,I.L.M 교량공사 안전보건작업 지침
208,건설안전,2012-08-27,C,건설안전지침,11,2012,C-11-2012,가설계단 설치 및 사용 안전보건작업 지침
209,건설안전,2012-08-27,C,건설안전지침,12,2012,C-12-2012,흙막이공사(Earth Anchor 공법) 안전보건작업 지침
210,건설안전,2012-08-27,C,건설안전지침,13,2012,C-13-2012,흙막이공사(Soil Nailing 공법) 안전보건작업 지침
211,건설안전,2012-08-27,C,건설안전지침,14,2012,C-14-2012,밀폐공간의 방수공사 안전보건작업 지침
212,건설안전,2017-11-27,C,건설안전지침,15,2017,C-15-2017,관로매설공사 안전보건작업 지침
213,건설안전,2016-11-30,C,건설안전지침,16,2016,C-16-2016,미장공사 안전보건작업 지침
214,건설안전,2011-12-26,C,건설안전지침,17,2011,C-17-2011,경량철골 천장공사 안전보건작업 지침
215,건설안전,2015-12-07,C,건설안전지침,18,2015,C-18-2015,건설공사 안전보건설계 지침
216,건설안전,2011-12-26,C,건설안전지침,21,2011,C-21-2011,현수교 교량공사 안전보건작업 지침
217,건설안전,2011-12-26,C,건설안전지침,22,2011,C-22-2011,사장교 교량공사 안전보건작업 지침
218,건설안전,2011-12-26,C,건설안전지침,24,2011,C-24-2011,단순 슬래브 콘크리트 타설 안전작업 지침 
219,건설안전,2018-10-11,C,건설안전지침,25,2018,C-25-2018,재사용 가설기자재 성능기준에 관한 지침
220,건설안전,2017-09-07,C,건설안전지침,26,2017,C-26-2017,낙하물 방지망 설치 지침
221,건설안전,2011-12-29,C,건설안전지침,27,2011,C-27-2011,낙하물 방호선반 설치 지침
222,건설안전,2018-10-11,C,건설안전지침,28,2018,C-28-2018,이동식 비계 구조기준 및 사용 지침
223,건설안전,2017-09-07,C,건설안전지침,29,2017,C-29-2017,수직보호망 설치 지침
224,건설안전,2020-12-24,C,건설안전지침,30,2020,C-30-2020,강관비계 안전작업지침
225,건설안전,2017-09-07,C,건설안전지침,31,2017,C-31-2017,추락방호망 설치 지침
226,건설안전,2020-12-24,C,건설안전지침,32,2020,C-32-2020,시스템 비계 안전작업 지침
227,건설안전,2022-12-31,C,건설안전지침,33,2022,C-33-2022,작업의자형 달비계 안전작업 지침
228,건설안전,2011-12-29,C,건설안전지침,34,2011,C-34-2011,소규모 철근콘크리트 교량공사 거푸집 동바리 안전작업 지침
229,건설안전,2011-12-29,C,건설안전지침,35,2011,C-35-2011,교량공사의 이동식 비계공법(MSS) 안전작업 지침
230,건설안전,2011-12-29,C,건설안전지침,36,2011,C-36-2011,교량 슬래브거푸집 해체용 작업대차 안전작업 지침
231,건설안전,2011-12-29,C,건설안전지침,37,2011,C-37-2011,지하매설물 굴착공사 안전작업 지침
232,건설안전,2011-12-29,C,건설안전지침,38,2011,C-38-2011,슬립폼(Slip form) 안전작업 지침
233,건설안전,2023-08-24,C,건설안전지침,39,2023,C-39-2023,굴착공사 안전작업 지침
234,건설안전,2011-12-29,C,건설안전지침,40,2011,C-40-2011,갱폼(Gang form) 제작 및 사용 안전지침
235,건설안전,2011-12-29,C,건설안전지침,41,2011,C-41-2011,프리스트레스트 콘크리트(PSC) 교량공사 안전작업 지침
236,건설안전,2020-12-24,C,건설안전지침,42,2020,C-42-2020,시스템 동바리 안전작업 지침
237,건설안전,2023-08-24,C,건설안전지침,43,2023,C-43-2023,콘크리트공사 안전보건작업 지침
238,건설안전,2015-12-07,C,건설안전지침,44,2015,C-44-2015,철골공사 안전보건작업 지침
239,건설안전,2012-08-27,C,건설안전지침,45,2012,C-45-2012,터널공사(NATM공법) 안전보건작업 지침
240,건설안전,2023-08-24,C,건설안전지침,46,2023,C-46-2023,발파공사 안전보건작업 지침
241,건설안전,2023-08-24,C,건설안전지침,47,2023,C-47-2023,해체공사 안전보건작업 지침
242,건설안전,2022-12-31,C,건설안전지침,48,2022,C-48-2022,건설기계 안전보건작업 지침
243,건설안전,2012-08-27,C,건설안전지침,49,2012,C-49-2012,안전대 사용지침
244,건설안전,2012-08-27,C,건설안전지침,50,2012,C-50-2012,아스팔트 콘크리트 포장공사 안전보건작업 지침
245,건설안전,2020-12-24,C,건설안전지침,51,2020,C-51-2020,파이프 서포트 동바리 안전작업 지침
246,건설안전,2016-11-30,C,건설안전지침,52,2016,C-52-2016,야간 건설공사 안전보건작업 지침
247,건설안전,2012-08-27,C,건설안전지침,53,2012,C-53-2012,프리캐스트 콘크리트 건축구조물 조립 안전보건작업 지침
248,건설안전,2012-08-27,C,건설안전지침,54,2012,C-54-2012,가공 송전선로 철탑 심형기초공사 안전보건작업지침
249,건설안전,2015-12-07,C,건설안전지침,55,2015,C-55-2015,금속 커튼월(Curtain wall) 안전작업 지침
250,건설안전,2017-11-27,C,건설안전지침,56,2017,C-56-2017,리모델링 안전보건작업 지침
251,건설안전,2017-11-27,C,건설안전지침,57,2017,C-57-2017,석공사 안전보건작업 지침
252,건설안전,2022-03-03,C,건설안전지침,59,2022,C-59-2022,지붕공사 안전보건작업 지침
253,건설안전,2015-12-07,C,건설안전지침,60,2015,C-60-2015,탑다운(Top down)공법 안전작업 지침
254,건설안전,2012-08-27,C,건설안전지침,61,2012,C-61-2012,터널공사(Shield-T.B.M공법) 안전보건작업 지침
255,건설안전,2012-08-27,C,건설안전지침,62,2012,C-62-2012,곤돌라(Gondola) 안전보건작업 지침
256,건설안전,2012-08-27,C,건설안전지침,63,2012,C-63-2012,흙막이공사(C.I.P공법) 안전보건작업 지침
257,건설안전,2018-11-27,C,건설안전지침,64,2018,C-64-2018,조적공사 안전보건작업 지침
258,건설안전,2012-08-27,C,건설안전지침,65,2012,C-65-2012,철골공사 무지보 거푸집동바리 (데크플레이트 공법) 안전보건작업 지침
259,건설안전,2016-11-30,C,건설안전지침,66,2016,C-66-2016,내장공사의 안전보건작업 지침
260,건설안전,2016-11-30,C,건설안전지침,67,2016,C-67-2016,F.C.M 교량공사 안전보건작업 지침
261,건설안전,2012-11-29,C,건설안전지침,68,2012,C-68-2012,블록식 보강토 옹벽공사 안전보건작업 지침
262,건설안전,2022-12-31,C,건설안전지침,69,2022,C-69-2022,이동식 크레인 안전보건작업 지침
263,건설안전,2012-11-29,C,건설안전지침,70,2012,C-70-2012,냉동창고 단열공사 안전보건작업 지침
264,건설안전,2012-11-29,C,건설안전지침,71,2012,C-71-2012,기성 콘크리트 파일 항타 안전보건작업 지침
265,건설안전,2012-11-29,C,건설안전지침,72,2012,C-72-2012,흙막이공사(지하연속벽) 안전보건작업 지침
266,건설안전,2012-11-29,C,건설안전지침,73,2012,C-73-2012,강박스거더 교량공사 안전보건작업 지침 
267,건설안전,2015-06-18,C,건설안전지침,74,2015,C-74-2015,건설공사의 고소작업대 안전보건작업 지침
268,건설안전,2013-08-30,C,건설안전지침,75,2013,C-75-2013,조경공사(수목식재작업)의 안전보건작업지침
269,건설안전,2013-08-30,C,건설안전지침,76,2013,C-76-2013,"흙막이공사(강널말뚝, Sheet Pile)의 안전보건작업지침"
270,건설안전,2013-08-30,C,건설안전지침,77,2013,C-77-2013,현수교 주탑시공 안전보건작업지침
271,건설안전,2016-11-30,C,건설안전지침,78,2016,C-78-2016,옹벽(콘크리트 옹벽)공사의 안전보건작업지침
272,건설안전,2015-06-18,C,건설안전지침,79,2015,C-79-2015,초고층 건축물공사(일반사항) 안전보건작업지침
273,건설안전,2013-10-02,C,건설안전지침,80,2013,C-80-2013,강아치교(벤트공법) 안전보건작업지침
274,건설안전,2013-10-02,C,건설안전지침,81,2013,C-81-2013,터널공사(프론트 잭킹) 안전보건작업지침
275,건설안전,2020-12-24,C,건설안전지침,82,2020,C-82-2020,"해상 RCD 현장타설 말뚝공사(현수교,  사장교) 안전작업 지침"
276,건설안전,2013-10-02,C,건설안전지침,83,2013,C-83-2013,PCT거더 교량공사 안전보건작업지침
277,건설안전,2013-10-02,C,건설안전지침,84,2013,C-84-2013,트러스거더 교량공사 안전보건작업지침
278,건설안전,2013-10-02,C,건설안전지침,85,2013,C-85-2013,트럭 탑재형 크레인(Cargo Crane) 안전보건작업지침
279,건설안전,2018-11-27,C,건설안전지침,86,2018,C-86-2018,중소규모 건설업체 본사의 안전보건관리에 관한 지침
280,건설안전,2013-11-07,C,건설안전지침,87,2013,C-87-2013,중소규모 관로공사의 안전보건작업지침
281,건설안전,2013-11-07,C,건설안전지침,88,2013,C-88-2013,터널공사(NTR공법) 안전보건작업지침
282,건설안전,2013-11-07,C,건설안전지침,89,2013,C-89-2013,터널공사(침매공법) 안전보건작업지침
283,건설안전,2015-06-18,C,건설안전지침,91,2015,C-91-2015,초고층 건축물공사(화재예방) 안전보건작업지침
284,건설안전,2013-11-07,C,건설안전지침,92,2013,C-92-2013,흙막이공사(SCW공법)의 안전보건작업지침
285,건설안전,2013-11-07,C,건설안전지침,93,2013,C-93-2013,우물통기초의 안전보건작업지침
286,건설안전,2013-11-07,C,건설안전지침,94,2013,C-94-2013,교량공사(라멘교) 안전보건작업지침
287,건설안전,2014-11-24,C,건설안전지침,95,2014,C-95-2014,"흙막이공사(띠장 긴장 공법, Prestress Wale Method)의 안전보건 작업지침"
288,건설안전,2014-11-24,C,건설안전지침,96,2014,C-96-2014,"가설구조물의 설계변경 요청 내용, 절차 등에 관한 작성지침"
289,건설안전,2022-12-31,C,건설안전지침,97,2022,C-97-2022,타워크레인 설치·조립·해체 작업계획서 작성지침
290,건설안전,2014-11-24,C,건설안전지침,98,2014,C-98-2014,철탑공사 안전보건기술지침
291,건설안전,2015-12-07,C,건설안전지침,99,2015,C-99-2015,이동식 크레인 양중작업의 안정성 검토 지침
292,건설안전,2022-12-31,C,건설안전지침,101,2022,C-101-2022,항타기·항발기 사용 작업계획서 작성지침
293,건설안전,2023-08-24,C,건설안전지침,102,2023,C-102-2023,건설현장의 중량물 취급 작업계획서(이동식크레인) 작성지침
294,건설안전,2014-12-24,C,건설안전지침,103,2014,C-103-2014,굴착공사 계측관리 기술지침
295,건설안전,2023-08-24,C,건설안전지침,104,2023,C-104-2023,건설공사 굴착면 안전기울기 기준에 관한 기술지침
296,건설안전,2022-12-31,C,건설안전지침,105,2022,C-105-2022,굴착기 안전보건작업 지침
297,건설안전,2017-10-31,C,건설안전지침,108,2017,C-108-2017,건설현장 용접용단 작업시 안전보건작업 기술지침
298,건설안전,2017-10-31,C,건설안전지침,109,2017,C-109-2017,화학플랜트 개보수공사 안전보건작업 기술지침
299,건설안전,2018-10-11,C,건설안전지침,110,2018,C-110-2018,수직형 추락방망 설치 기술지침
300,건설안전,2020-12-24,C,건설안전지침,113,2020,C-113-2020,취약시기 건설현장 안전작업 지침
301,건설안전,2020-12-24,C,건설안전지침,114,2020,C-114-2020,덤프트럭 및 화물자동차 안전작업 지침
302,화학안전,2021-12-01,D,안전설계지침,1,2021,D-1-2021,미압 배관 등에서의 폭연 방산구 설치에 관한 기술지침
303,화학안전,2012-07-18,D,안전설계지침,2,2012,D-2-2012,활성탄 흡착설비의 안전설치에 관한 기술지침
304,화학안전,2012-07-18,D,안전설계지침,3,2012,D-3-2012,유지공장의 용제추출공정 안전설계 및 운전에 관한 기술지침
305,화학안전,2012-07-18,D,안전설계지침,4,2012,D-4-2012,배관이나 덕트로 연결된 설비사이의 폭발격리시스템 설치에 관한 기술지침
306,화학안전,2012-07-18,D,안전설계지침,5,2012,D-5-2012,화학공정의 시스템 디자인 크라이테리어 (System design criteria)에 관한 기술지침
307,화학안전,2012-07-18,D,안전설계지침,6,2012,D-6-2012,냉동시스템의 설치 및 취급에 관한 안전 기술지침
308,화학안전,2012-07-18,D,안전설계지침,7,2012,D-7-2012,연료전지의 설계 및 취급 안전 기술지침
309,화학안전,2017-11-27,D,안전설계지침,8,2017,D-8-2017,방유제 설치에 관한 기술지침
310,화학안전,2016-11-30,D,안전설계지침,9,2016,D-9-2016,플랜지 및 가스킷등의 접합부에 관한 기술지침
311,화학안전,2023-08-24,D,안전설계지침,10,2023,D-10-2023,화학설비 배관 등의 비파괴검사 및 열처리에 관한 기술지침
312,화학안전,2012-11-29,D,안전설계지침,11,2012,D-11-2012,긴급차단밸브 설치에 관한 기술지침
313,화학안전,2012-07-18,D,안전설계지침,12,2012,D-12-2012,분진폭발방지에 관한 기술지침
314,화학안전,2012-07-18,D,안전설계지침,13,2012,D-13-2012,염소저장 설비에 관한 기술지침
315,화학안전,2018-06-26,D,안전설계지침,14,2018,D-14-2018,통기설비 설치에 관한 기술지침
316,화학안전,2012-07-18,D,안전설계지침,15,2012,D-15-2012,화학설비의 재질선정에 관한 기술지침
317,화학안전,2012-07-18,D,안전설계지침,16,2012,D-16-2012,폭발 억제장치의 설치에 관한 기술지침
318,화학안전,2020-12-29,D,안전설계지침,18,2020,D-18-2020,안전밸브 등의 배출용량 산정 및 설치 등에 관한 기술지침
319,화학안전,2017-10-11,D,안전설계지침,20,2017,D-20-2017,위험물질 저장·취급 화학설비의 고무 라이닝에 관한 기술지침
320,화학안전,2012-07-18,D,안전설계지침,21,2012,D-21-2012,옥외 저장탱크의 포 소화설비 설계지침
321,화학안전,2012-07-18,D,안전설계지침,22,2012,D-22-2012,가연성가스 및 증기혼합물의 폭발한계산정에 관한 기술기침
322,화학안전,2012-07-18,D,안전설계지침,23,2012,D-23-2012,저장탱크의 형식선정에 관한 기술지침
323,화학안전,2012-07-18,D,안전설계지침,24,2012,D-24-2012,화학설비의 안전설계 일반기준에 관한 기술지침
324,화학안전,2023-08-24,D,안전설계지침,26,2023,D-26-2023,공정용 안전밸브의 기술지침
325,화학안전,2021-12-01,D,안전설계지침,27,2021,D-27-2021,수소 저장설비의 안전에 관한 기술지침
326,화학안전,2012-07-18,D,안전설계지침,28,2012,D-28-2012,소규모사업장의 화재·폭발사고 방지를 위한 기술지침
327,화학안전,2012-07-18,D,안전설계지침,29,2012,D-29-2012,공정배관계장도(P&ID) 작성에 관한 기술지침
328,화학안전,2012-07-18,D,안전설계지침,30,2012,D-30-2012,고열로부터 압력용기 보호에 관한 기술지침
329,화학안전,2012-07-18,D,안전설계지침,31,2012,D-31-2012,열팽창용 안전밸브의 기술지침
330,화학안전,2012-07-18,D,안전설계지침,32,2012,D-32-2012,제어실의 위치선정 및 설계에 관한 기술지침
331,화학안전,2012-07-18,D,안전설계지침,33,2012,D-33-2012,가스 및 증기상의 화재·폭발 위험성이 있는 설비의 설계지침
332,화학안전,2013-11-25,D,안전설계지침,34,2013,D-34-2013,무수암모니아 저장에 관한 기술지침
333,화학안전,2017-10-31,D,안전설계지침,35,2017,D-35-2017,상압저장탱크의 설계에 관한 기술지침
334,화학안전,2012-07-18,D,안전설계지침,37,2012,D-37-2012,화학설비 등의 공정설계에 관한 기술지침
335,화학안전,2012-07-18,D,안전설계지침,38,2012,D-38-2012,진한황산 및 발연황산 저장탱크의 공정설계에 관한 기술지침
336,화학안전,2012-07-18,D,안전설계지침,39,2012,D-39-2012,공정흐름도(PFD) 작성에 관한 기술지침
337,화학안전,2013-11-25,D,안전설계지침,40,2013,D-40-2013,열매유 보일러에 관한 기술지침
338,화학안전,2017-05-22,D,안전설계지침,41,2017,D-41-2017,배관 재질사양 작성에 관한 기술지침
339,화학안전,2021-12-01,D,안전설계지침,42,2021,D-42-2021,수소 벤트스택 및 벤트배관의 공정설계에 관한 기술지침
340,화학안전,2012-07-18,D,안전설계지침,43,2012,D-43-2012,집진설비 분진폭발방지 기술지침
341,화학안전,2016-11-30,D,안전설계지침,44,2016,D-44-2016,세안설비등의 성능 및 설치에 관한 기술지침
342,화학안전,2012-07-18,D,안전설계지침,45,2012,D-45-2012,내화구조에 관한 기술지침
343,화학안전,2013-10-02,D,안전설계지침,46,2013,D-46-2013,화학공장의 화재예방에 관한 기술지침
344,화학안전,2012-07-18,D,안전설계지침,49,2012,D-49-2012,가스폭발예방을 위한 폭연방출구 설치에 관한 기술지침
345,화학안전,2012-07-18,D,안전설계지침,50,2012,D-50-2012,파열판의 크기 산정 및 설치 등에 관한 기술지침
346,화학안전,2020-12-29,D,안전설계지침,51,2020,D-51-2020,지하-지상 배관 연결부의 플랜지 절연장치 설치에 관한 기술지침
347,화학안전,2013-07-19,D,안전설계지침,52,2013,D-52-2013,배관계통의 공정설계에 관한 기술지침
348,화학안전,2013-11-25,D,안전설계지침,53,2013,D-53-2013,과산화수소 저장설비의 안전에 관한 기술지침
349,화학안전,2022-12-31,D,안전설계지침,54,2022,D-54-2022,화학설비의 압력시험에 관한 기술지침
350,화학안전,2016-11-30,D,안전설계지침,55,2016,D-55-2016,액상 화학물질의 하역 및 출하장의 누출방지설비 설치에 관한 기술지침
351,화학안전,2016-11-30,D,안전설계지침,56,2016,D-56-2016,맹판 설치 및 제거에 관한 기술지침
352,화학안전,2016-12-19,D,안전설계지침,57,2016,D-57-2016,가스상 급성 독성물질의 하역 및 출하시 안전기준에 관한 기술지침
353,화학안전,2016-12-19,D,안전설계지침,58,2016,D-58-2016,용융탄산염형 연료전지 설계 및 설치에 관한 기술지침
354,화학안전,2020-12-29,D,안전설계지침,59,2020,D-59-2020,플레어시스템의 설계·설치 및 운전에 관한 기술지침
355,화학안전,2017-11-27,D,안전설계지침,60,2017,D-60-2017,플레어시스템의 녹아웃드럼 설계 및 설치에 관한 기술지침
356,화학안전,2017-11-27,D,안전설계지침,61,2018,D-61-2018,플레어시스템의 역화방지설비 설계 및 설치에 관한 기술지침
357,화학안전,2018-11-05,D,안전설계지침,62,2018,D-62-2018,체크밸브 설치에 관한 기술지침
358,화학안전,2018-11-05,D,안전설계지침,63,2018,D-63-2018,안전밸브 배출배관의 설계에 관한 기술지침
359,화학안전,2018-11-05,D,안전설계지침,64,2018,D-64-2018,원심펌프의 최소유량 선정 및 펌프 설치 등에 관한 기술지침
360,화학안전,2018-11-05,D,안전설계지침,65,2018,D-65-2018,방호구조 설계 및 설치에 관한 기술지침
361,화학안전,2020-12-29,D,안전설계지침,66,2020,D-66-2020,안전밸브 분출압력 및 시트기밀 시험에 관한 기술지침
362,화학안전,2020-12-29,D,안전설계지침,67,2020,D-67-2020,안전밸브와 파열판 직렬설치에 관한 기술지침
363,화학안전,2020-12-29,D,안전설계지침,68,2020,D-68-2020,파괴핀장치 설치에 관한 기술지침
364,화학안전,2020-12-29,D,안전설계지침,69,2020,D-69-2020,안전계장시스템(SIS)을 이용한 화학설비 안전성 향상에 관한 기술지침
365,전기안전,2012-06-20,E,전기·계장일반지침,1,2012,E-1-2012,가공전선로에서의 위험방지에 관한 기술지침
366,전기안전,2012-06-20,E,전기·계장일반지침,2,2012,E-2-2012,고압 스팀 청소기의 전기위험에 관한 기술지침
367,전기안전,2012-06-20,E,전기·계장일반지침,3,2012,E-3-2012,공연장의 전기안전에 관한 기술지침
368,전기안전,2012-06-20,E,전기·계장일반지침,4,2012,E-4-2012,아크용접장치의 선정 및 사용에 관한 기술지침
369,전기안전,2012-06-20,E,전기·계장일반지침,5,2012,E-5-2012,이동식 작업등의 선정 및 사용에 관한 기술지침
370,전기안전,2012-06-20,E,전기·계장일반지침,6,2012,E-6-2012,전기개폐장치의 관리에 관한 기술지침
371,전기안전,2012-06-20,E,전기·계장일반지침,7,2012,E-7-2012,전기작업에 관한 기술지침
372,전기안전,2012-06-20,E,전기·계장일반지침,8,2012,E-8-2012,전기감응 방호장치의 선정 및 사용에 관한 기술지침
373,전기안전,2012-06-20,E,전기·계장일반지침,9,2012,E-9-2012,보호도체의 건전성 검출 및 감시에 관한 기술지침
374,전기안전,2013-11-30,E,전기·계장일반지침,10,2013,E-10-2013,축전지 취급에 관한 기술지침
375,전기안전,2012-06-20,E,전기·계장일반지침,13,2012,E-13-2012,가스충전소 및 주유소에서의 정전기 재해방지에 관한 기술지침
376,전기안전,2012-06-20,E,전기·계장일반지침,14,2012,E-14-2012,감전시 응급조치에 관한 기술지침
377,전기안전,2012-06-20,E,전기·계장일반지침,15,2012,E-15-2012,개폐장치의 사용에 관한 기술지침
378,전기안전,2012-06-20,E,전기·계장일반지침,16,2012,E-16-2012,빌딩 건설현장에서의 배전설비에 관한 기술지침
379,전기안전,2012-06-20,E,전기·계장일반지침,17,2012,E-17-2012,고전압 개폐장치의 정비에 관한 기술지침
380,전기안전,2012-06-20,E,전기·계장일반지침,18,2012,E-18-2012,저압 개폐장치의 정비에 관한 기술지침
381,전기안전,2012-06-20,E,전기·계장일반지침,19,2012,E-19-2012,전기시험 장비에 관한 기술지침
382,전기안전,2012-06-20,E,전기·계장일반지침,20,2012,E-20-2012,제조 과정중인 제품의 전기시험에 관한 기술지침
383,전기안전,2012-06-20,E,전기·계장일반지침,21,2012,E-21-2012,폭발위험장소에서의 폭발방지에 관한 기술지침
384,전기안전,2012-06-20,E,전기·계장일반지침,22,2012,E-22-2012,폭발위험장소에서의 보호시스템안전성평가방법에 관한 기술지침
385,전기안전,2012-06-20,E,전기·계장일반지침,25,2012,E-25-2012,휴대 전동분무기의 사용에 관한 기술지침
386,전기안전,2012-06-20,E,전기·계장일반지침,27,2012,E-27-2012,수변전설비 등의 정비 기술지침
387,전기안전,2014-09-16,E,전기·계장일반지침,28,2014,E-28-2014,도장 공정에서의 화재·폭발위험방지에 관한 기술지침
388,전기안전,2021-12-01,E,전기·계장일반지침,29,2021,E-29-2021,"전선의 종류, 식별 등에 관한 기술지침"
389,전기안전,2014-09-16,E,전기·계장일반지침,31,2014,E-31-2014,배선기구의 정비에 관한 기술지침
390,전기안전,2013-08-30,E,전기·계장일반지침,32,2013,E-32-2013,접지시스템의 정비에 관한 기술지침
391,전기안전,2012-06-20,E,전기·계장일반지침,35,2012,E-35-2012,지중선로 등의 재해방지에 관한 기술지침
392,전기안전,2012-06-20,E,전기·계장일반지침,36,2012,E-36-2012,임업에서의 전기안전에 관한 기술지침
393,전기안전,2012-06-20,E,전기·계장일반지침,37,2012,E-37-2012,접지도체의 연결점에 관한 기술지침
394,전기안전,2012-06-20,E,전기·계장일반지침,38,2012,E-38-2012,접지선과 접속방법에 관한 기술지침
395,전기안전,2012-06-20,E,전기·계장일반지침,39,2012,E-39-2012,전기울타리의 안전에 관한 기술지침
396,전기안전,2013-08-30,E,전기·계장일반지침,40,2013,E-40-2013,차단기 시험에 관한 기술지침
397,전기안전,2012-06-20,E,전기·계장일반지침,41,2012,E-41-2012,이동형 저압 발전기의 안전점검에 관한 기술지침
398,전기안전,2013-08-30,E,전기·계장일반지침,42,2013,E-42-2013,전기도금산업의 전기시스템에 관한 기술지침
399,전기안전,2012-06-20,E,전기·계장일반지침,43,2012,E-43-2012,과전류 보호장치가 없는 저압용 누전차단기에 관한 기술지침
400,전기안전,2012-06-20,E,전기·계장일반지침,44,2012,E-44-2012,전기가마의 안전한 사용에 관한 기술지침
401,전기안전,2012-06-20,E,전기·계장일반지침,45,2012,E-45-2012,유량계측장치의 설치에 관한 기술지침
402,전기안전,2013-11-30,E,전기·계장일반지침,46,2013,E-46-2013,전기단선도 작성에 관한 기술지침
403,전기안전,2012-06-20,E,전기·계장일반지침,49,2012,E-49-2012,지중케이블 시공시의 작업자 안전에 관한 기술지침
404,전기안전,2013-08-30,E,전기·계장일반지침,50,2013,E-50-2013,전기공급장소에서 위험지역 격리에 관한 기술지침
405,전기안전,2012-06-20,E,전기·계장일반지침,53,2012,E-53-2012,전기안전작업요령 작성에 관한 기술지침
406,전기안전,2012-06-20,E,전기·계장일반지침,54,2012,E-54-2012,누전차단기의 일반관리에 관한 기술지침
407,전기안전,2022-12-31,E,전기·계장일반지침,55,2022,E-55-2022,절연용 방호구의 선정 및 관리 등에 관한 기술지침
408,전기안전,2013-08-30,E,전기·계장일반지침,56,2013,E-56-2013,전기기기의 코드 접속기구에 관한 기술지침
409,전기안전,2020-12-15,E,전기·계장일반지침,57,2020,E-57-2020,배선차단기 일반관리에 관한 기술지침
410,전기안전,2013-08-30,E,전기·계장일반지침,58,2013,E-58-2013,전기작업용 보호 장구에 관한 기술지침
411,전기안전,2012-06-20,E,전기·계장일반지침,59,2012,E-59-2012,정전 및 단락접지 절차에 관한 기술지침
412,전기안전,2012-06-20,E,전기·계장일반지침,60,2012,E-60-2012,수변전설비의 설치와 유지관리에 관한 기술지침
413,전기안전,2012-06-20,E,전기·계장일반지침,61,2012,E-61-2012,작업장내에서 검사장비의 시험?검사에 관한 기술지침
414,전기안전,2012-06-20,E,전기·계장일반지침,64,2012,E-64-2012,항공등화설비의 안전에 관한 기술지침
415,전기안전,2012-06-20,E,전기·계장일반지침,65,2012,E-65-2012,가공전선 주변에서의 안전한 농사활동을 위한 기술지침
416,전기안전,2012-06-20,E,전기·계장일반지침,66,2012,E-66-2012,채석장에서의 전기안전에 관한 기술지침
417,전기안전,2012-06-20,E,전기·계장일반지침,69,2012,E-69-2012,디스플레이 레이저 방사 안전에 관한 기술지침
418,전기안전,2011-12-26,E,전기·계장일반지침,74,2011,E-74-2011,가연성 물질을 사용하는 분무장비에 관한 기술지침
419,전기안전,2011-12-26,E,전기·계장일반지침,75,2011,E-75-2011,디스플레이 레이저 설비의 안전성 평가에 관한 기술지침
420,전기안전,2013-11-30,E,전기·계장일반지침,76,2013,E-76-2013,아크용접장치의 설치 및 사용에 관한 기술지침
421,전기안전,2015-06-29,E,전기·계장일반지침,77,2015,E-77-2015,휴대 전기기기 정비에 관한 기술지침
422,전기안전,2011-12-26,E,전기·계장일반지침,78,2011,E-78-2011,전기공급장소의 주변압기 화재예방 등에 관한 기술지침
423,전기안전,2011-12-26,E,전기·계장일반지침,79,2011,E-79-2011,전선로 및 통신선로의 안전작업에 관한 기술지침
424,전기안전,2011-12-26,E,전기·계장일반지침,80,2011,E-80-2011,조선 및 선박수리산업에서의 임시전기설비에 관한 기술지침
425,전기안전,2011-12-26,E,전기·계장일반지침,81,2011,E-81-2011,지중 배전케이블 시공 등에 관한 기술지침
426,전기안전,2011-12-26,E,전기·계장일반지침,82,2011,E-82-2011,지중관로 시설의 설치 등에 관한 기술지침
427,전기안전,2011-12-26,E,전기·계장일반지침,83,2011,E-83-2011,피뢰시스템의 리스크 관리에 관한 기술지침
428,전기안전,2022-12-31,E,전기·계장일반지침,84,2022,E-84-2022,비상전원의 선정 및 설치에 관한 기술지침
429,전기안전,2017-10-31,E,전기·계장일반지침,85,2017,E-85-2017,전기설비설치상의 안전에 관한 기술지침 
430,전기안전,2011-12-29,E,전기·계장일반지침,86,2011,E-86-2011,정전작업에 관한 기술지침
431,전기안전,2011-12-29,E,전기·계장일반지침,87,2011,E-87-2011,정전도장기 제작 및 설치에 관한 기술지침
432,전기안전,2011-12-29,E,전기·계장일반지침,88,2011,E-88-2011,감전방지용 누전차단기 설치에 관한 기술지침
433,전기안전,2011-12-29,E,전기·계장일반지침,90,2011,E-90-2011,온도계측장치의 설치에 관한 기술지침
434,전기안전,2016-11-30,E,전기·계장일반지침,91,2016,E-91-2016,에너지 차단장치의 잠금·표지에 관한 기술지침
435,전기안전,2017-10-31,E,전기·계장일반지침,92,2017,E-92-2017,접지설비 계획 및 유지관리에 관한 기술지침
436,전기안전,2011-12-29,E,전기·계장일반지침,93,2011,E-93-2011,압력계측장치의 설치에 관한 기술지침
437,전기안전,2011-12-29,E,전기·계장일반지침,94,2011,E-94-2011,산업용 기계설비의 전기장치 설치에 관한 기술기준
438,전기안전,2011-12-29,E,전기·계장일반지침,95,2011,E-95-2011,산업용 설비에서의 전자파 적합성에 관한 기술기준
439,전기안전,2011-12-29,E,전기·계장일반지침,96,2011,E-96-2011,산업용 기계설비의 비상정지장치 설계에 관한 기술지침
440,전기안전,2022-12-31,E,전기·계장일반지침,97,2022,E-97-2022,석유화학공장의 전기설비 설치에 대한 기술지침
441,전기안전,2011-12-29,E,전기·계장일반지침,98,2011,E-98-2011,변전실 등의 양압유지에 관한 기술지침
442,전기안전,2021-12-01,E,전기·계장일반지침,100,2021,E-100-2021,저압전기설비에서의 감전예방을 위한 기술지침
443,전기안전,2021-12-01,E,전기·계장일반지침,102,2021,E-102-2021,저압용 전기설비의 접지설비 선정 및 설치에 관한 기술지침
444,전기안전,2011-12-29,E,전기·계장일반지침,103,2011,E-103-2011,저압감전방지장치 등의 선정 및 설치에 관한 기술지침
445,전기안전,2011-12-29,E,전기·계장일반지침,104,2011,E-104-2011,전기설비 설치시 환경·사용조건평가 등에 관한 기술지침
446,전기안전,2011-12-29,E,전기·계장일반지침,105,2011,E-105-2011,전기작업안전에 관한 기술지침
447,전기안전,2011-12-29,E,전기·계장일반지침,106,2011,E-106-2011,건설현장의 전기설비설치 및 관리에 관한기술지침
448,전기안전,2011-12-29,E,전기·계장일반지침,107,2011,E-107-2011,건축물 등의 피뢰설비 설치에 관한 기술지침
449,전기안전,2011-12-29,E,전기·계장일반지침,108,2011,E-108-2011,비상설비 등에 대한 전원공급설비의 설치에 관한 기술지침
450,전기안전,2011-12-29,E,전기·계장일반지침,109,2011,E-109-2011,활선작업 및 활선근접작업에 관한 기술지침
451,전기안전,2011-12-29,E,전기·계장일반지침,110,2011,E-110-2011,액위 계측장치 설치에 관한 기술지침
452,전기안전,2011-12-29,E,전기·계장일반지침,111,2011,E-111-2011,난연성 전기작업복 선정에 관한 기술지침
453,전기안전,2011-12-29,E,전기·계장일반지침,112,2011,E-112-2011,서지보호장치 선정 및 설치지침에 관한 기술지침
454,전기안전,2011-12-29,E,전기·계장일반지침,114,2011,E-114-2011,전기작업시의 작업공간확보에 관한 기술지침
455,전기안전,2011-12-29,E,전기·계장일반지침,115,2011,E-115-2011,절연 보호구의 선정 및 사용에 관한 지침
456,전기안전,2021-12-01,E,전기·계장일반지침,116,2021,E-116-2021,과전류 보호장치 선정 및 설치에 관한 기술지침
457,전기안전,2012-08-27,E,전기·계장일반지침,121,2012,E-121-2012,정전기방전 차폐체의 표준시험방법에 관한 기술지침
458,전기안전,2012-08-27,E,전기·계장일반지침,122,2012,E-122-2012,전기제품의 화재위험성 평가에 관한 기술지침
459,전기안전,2012-08-27,E,전기·계장일반지침,123,2012,E-123-2012,전기설비에서의 SF6 가스 분석 및 처리에 관한 기술지침
460,전기안전,2012-08-27,E,전기·계장일반지침,124,2012,E-124-2012,정전기 대전방지용 작업복에 관한 기술지침
461,전기안전,2016-11-30,E,전기·계장일반지침,125,2016,E-125-2016,고주파 방사에 의한 점화 및 감전 방지에 관한 기술지침
462,전기안전,2012-11-29,E,전기·계장일반지침,126,2012,E-126-2012,폭발위험장소 구조물의 피뢰시스템에 관한 기술지침
463,전기안전,2012-11-29,E,전기·계장일반지침,127,2012,E-127-2012,제어 및 실험용 전기장비의 측정회로 시험 등에 관한 기술지침
464,전기안전,2012-11-29,E,전기·계장일반지침,128,2012,E-128-2012,광섬유 비상조명에 관한 기술지침
465,전기안전,2012-11-29,E,전기·계장일반지침,129,2012,E-129-2012,저압 개폐장치 및 제어장치의 유지관리 등에 관한 기술지침
466,전기안전,2012-12-27,E,전기·계장일반지침,130,2012,E-130-2012,전압인가식 제전장치의 성능평가 및 사용안전에 관한 기술지침
467,전기안전,2012-12-27,E,전기·계장일반지침,131,2012,E-131-2012,저압 개폐장치 및 제어장치의 오작동 방지 시험에 관한 기술지침
468,전기안전,2013-08-30,E,전기·계장일반지침,132,2013,E-132-2013,38kV 이상 개폐장치의 유지보수에 관한 기술지침
469,전기안전,2013-08-30,E,전기·계장일반지침,133,2013,E-133-2013,전열기기의 안전한 사용에 관한 기술지침
470,전기안전,2013-08-30,E,전기·계장일반지침,134,2013,E-134-2013,의료용 전기 시스템의 안전한 사용에 관한 기술지침
471,전기안전,2013-08-30,E,전기·계장일반지침,135,2013,E-135-2013,"저압 개폐장치 및 제어장치의 시험,점검에 관한 기술지침"
472,전기안전,2016-11-30,E,전기·계장일반지침,136,2016,E-136-2016,배전활선작업의 위험성평가 및 대책에 관한 기술지침
473,전기안전,2013-11-30,E,전기·계장일반지침,139,2013,E-139-2013,비상 등기구의 기능안전에 관한 기술지침
474,전기안전,2013-11-30,E,전기·계장일반지침,140,2013,E-140-2013,비상 등기구 배터리의 관리에 관한 기술지침
475,전기안전,2013-11-30,E,전기·계장일반지침,141,2013,E-141-2013,가연성 분진발생 사업장의 케이블에 의한 화재위험관리에 관한 기술지침
476,전기안전,2013-11-30,E,전기·계장일반지침,142,2013,E-142-2013,압축공기 구동식 연마기의 정전기 대책에 관한 기술지침
477,전기안전,2014-09-16,E,전기·계장일반지침,144,2014,E-144-2014,정보통신기기의 전기안전에 관한 기술지침
478,전기안전,2015-12-07,E,전기·계장일반지침,147,2015,E-147-2015,통신케이블 설치근로자의 안전작업에 관한 기술지침
479,전기안전,2015-12-07,E,전기·계장일반지침,148,2015,E-148-2015,"작업장 조명기구의 선정, 설치 및 정비에 관한 기술지침"
480,전기안전,2015-12-07,E,전기·계장일반지침,149,2015,E-149-2015,제어시스템에서의 안전무결성등급 결정에 관한 지침
481,전기안전,2016-11-30,E,전기·계장일반지침,154,2016,E-154-2016,전기작업계획서의 작성에 관한 기술지침
482,전기안전,2016-11-30,E,전기·계장일반지침,155,2016,E-155-2016,전기작업의 위험성평가에 관한 기술지침
483,전기안전,2016-11-30,E,전기·계장일반지침,156,2016,E-156-2016,충전전로에서의 전기작업에 관한 기술지침
484,전기안전,2016-11-30,E,전기·계장일반지침,157,2016,E-157-2016,정전전로 또는 그 인근에서의 전기작업에 관한 기술지침
485,전기안전,2017-10-31,E,전기·계장일반지침,158,2017,E-158-2017,방폭전기기계기구 제조자 품질경영시스템 적용에 관한 기술지침
486,전기안전,2017-10-31,E,전기·계장일반지침,162,2017,E-162-2017,아크섬락 위험성과 작업자의 안전에 관한 기술지침
487,전기안전,2017-10-31,E,전기·계장일반지침,163,2017,E-163-2017,특수전력시스템 설치에 관한 기술지침
488,전기안전,2017-10-31,E,전기·계장일반지침,164,2017,E-164-2017,특정용도의 전기기계기구 설치에 관한 기술지침
489,전기안전,2017-10-31,E,전기·계장일반지침,165,2017,E-165-2017,"전기작업용 기구, 장치 등의 용어에 관한 기술지침"
490,전기안전,2017-10-31,E,전기·계장일반지침,166,2017,E-166-2017,활선작업용 방염복에 관한 일반지침
491,전기안전,2017-10-31,E,전기·계장일반지침,167,2017,E-167-2017,활선작업의 최소접근거리 계산에 관한 기술지침
492,전기안전,2018-10-11,E,전기·계장일반지침,168,2018,E-168-2018,병원전기설비 설치에 관한 기술지침
493,전기안전,2018-10-11,E,전기·계장일반지침,169,2018,E-169-2018,전기차량 전기공급시스템 설치에 관한 기술지침
494,전기안전,2023-08-24,E,전기·계장일반지침,170,2023,E-170-2023,태양광 발전설비 설치에 관한 기술지침
495,전기안전,2018-10-11,E,전기·계장일반지침,171,2018,E-171-2018,스플래쉬 필링(Splash Filling)으로 인한 정전기 화재사고 예방에 관한 기술지침
496,전기안전,2018-11-05,E,전기·계장일반지침,173,2018,E-173-2018,정전기 대전 방지용 손목 스트랩의 시험방법에 관한 기술지침
497,전기안전,2018-11-05,E,전기·계장일반지침,175,2018,E-175-2018,옥외작업자의 낙뢰피해감소대책에 관한 기술지침
498,전기안전,2018-11-05,E,전기·계장일반지침,176,2018,E-176-2018,뇌우경보시스템 설치에 관한 기술지침
499,전기안전,2020-12-15,E,전기·계장일반지침,178,2020,E-178-2020,폭발위험장소에서의 정전기 관련 물성측정에 관한 기술지침
500,전기안전,2020-12-15,E,전기·계장일반지침,179,2020,E-179-2020,정전기 오염방지에 관한 기술지침
501,전기안전,2020-12-15,E,전기·계장일반지침,181,2020,E-181-2020,폭발위험장소에서 사용하는 비전기설비의 안전에 관한 기술지침
502,전기안전,2021-12-01,E,전기·계장일반지침,182,2021,E-182-2021,정전기에 의한 화재·폭발 재해조사에 대한 기술지침
503,전기안전,2021-12-01,E,전기·계장일반지침,183,2021,E-183-2021,프로그램 가능형 안전시스템의 기능안전 확보를 위한 기술지침
504,전기안전,2021-12-01,E,전기·계장일반지침,184,2021,E-184-2021,휴대형 전기톱 사용 시 인체 보호구에 관한 기술지침
505,전기안전,2021-12-01,E,전기·계장일반지침,185,2021,E-185-2021,리튬 이온 에너지저장장치(Electric Storage System) 설치 및 유지보수에 관한 기술지침
506,전기안전,2021-12-01,E,전기·계장일반지침,186,2021,E-186-2021,폭발위험장소에서 전기설비 사용자의 역량평가를 위한 기술기준
507,전기안전,2021-12-01,E,전기·계장일반지침,187,2021,E-187-2021,폭발위험장소에서의 가스감지기 사용에 관한 기술지침
508,전기안전,2021-12-01,E,전기·계장일반지침,188,2021,E-188-2021,정전기 재해예방에 관한 기술지침
509,전기안전,2022-12-31,E,전기·계장일반지침,189,2022,E-189-2022,"절연용 (고무)보호구의 선정, 사용 및 관리 등에 관한 기술지침"
510,전기안전,2023-08-24,E,전기·계장일반지침,190,2023,E-190-2023,"방폭전기설비 설계, 선정, 설치 및 최초검사에 관한 기술지침"
511,산업안전일반,2023-08-24,F,화재보호지침,1,2023,F-1-2023,용접·용단 작업시 화재예방에 관한 기술지침
512,산업안전일반,2011-12-29,F,화재보호지침,2,2011,F-2-2011,목재가공시설의 화재폭발 예방기준
513,화학안전,2014-07-21,F,화재보호지침,3,2014,F-3-2014,경질폴리우레탄폼 취급시 화재예방에 관한 기술지침
514,산업안전일반,2021-12-01,F,화재보호지침,4,2021,F-4-2021,용접방화포등의 성능 및 설치기준에 관한 지침
515,산업안전일반,2023-08-24,G,안전·보건 일반지침,1,2023,G-1-2023,소용량 탱크 및 드럼의 화기작업에 관한 안전지침
516,산업안전일반,2011-12-29,G,안전·보건 일반지침,2,2011,G-2-2011,철제물 하역작업에 관한 안전가이드
517,산업안전일반,2022-12-31,G,안전·보건 일반지침,3,2022,G-3-2022,고정식 사다리의 제작에 관한 기술지침
518,산업안전일반,2011-12-29,G,안전·보건 일반지침,4,2011,G-4-2011,배관내 이송물질 표시에 관한 안전가이드
519,산업안전일반,2017-12-18,G,안전·보건 일반지침,5,2017,G-5-2017,업무상 사고조사에 관한 기술지침
520,산업안전일반,2011-12-29,G,안전·보건 일반지침,6,2011,G-6-2011,산업폐기물 처리사업장에 과한 안전가이드
521,산업안전일반,2023-08-24,G,안전·보건 일반지침,8,2023,G-8-2023,인력작업에 관한 안전지침
522,산업안전일반,2013-11-30,G,안전·보건 일반지침,9,2013,G-9-2013,위험물질 취급작업장 위험표시에 관한 안전지침
523,산업안전일반,2023-08-24,G,안전·보건 일반지침,10,2023,G-10-2023,작업장 내 운반차량의 운행에 관한 안전지침
524,산업안전일반,2017-12-18,G,안전·보건 일반지침,11,2017,G-11-2017,넘어짐 방지를 위한 위험관리 기술지침
525,산업안전일반,2013-08-30,G,안전·보건 일반지침,12,2013,G-12-2013,개인보호구의 사용 및 관리에 관한 기술지침
526,산업안전일반,2011-12-29,G,안전·보건 일반지침,13,2011,G-13-2011,프로젝트의 위험관리에 관한 안전가이드
527,산업안전일반,2011-12-29,G,안전·보건 일반지침,14,2011,G-14-2011,기계적 진동과 충격에 노출된 사람의 안전보건에 관한 안전가이드
528,산업안전일반,2017-12-18,G,안전·보건 일반지침,17,2017,G-17-2017,압축공기의 안전한 사용에 관한 안전가이드
529,산업안전일반,2011-12-29,G,안전·보건 일반지침,20,2011,G-20-2011,철강 및 금속 자재의 보관?취급에 관한 안전가이드
530,산업안전일반,2011-12-29,G,안전·보건 일반지침,23,2011,G-23-2011,요양 후 복직 시의 재적응에 관한 안전가이드
531,산업안전일반,2011-12-29,G,안전·보건 일반지침,24,2011,G-24-2011,기계류의 방사성 물질로부터 위험을 줄이기 위한 안전가이드
532,산업안전일반,2011-12-29,G,안전·보건 일반지침,25,2011,G-25-2011,눈 보호구의 선정 및 유지?보수에 관한 안전가이드
533,산업안전일반,2013-08-30,G,안전·보건 일반지침,26,2013,G-26-2013,사업장의 조명에 관한 기술지침
534,산업보건일반,2012-06-20,G,안전·보건 일반지침,27,2012,G-27-2012,청소작업시 근골격계질환 예방을 위한 기술지침
535,산업안전일반,2016-08-30,G,안전·보건 일반지침,28,2016,G-28-2016,요양시설의 안전에 관한 기술지침
536,건설안전,2011-12-29,G,안전·보건 일반지침,29,2011,G-29-2011,굴착작업시 지하 매설물 위험방지를 위한 기술지침
537,산업보건일반,2011-12-29,G,안전·보건 일반지침,30,2011,G-30-2011,앉아서 일하는 작업의 건강장해 예방에 관한 기술지침
538,산업안전일반,2016-06-30,G,안전·보건 일반지침,32,2016,G-32-2016,"임산부 근로자의 유해,위험요인 관리에 관한 기술지침"
539,산업안전일반,2012-06-20,G,안전·보건 일반지침,33,2012,G-33-2012,식음료제조업의 재해예방에 관한 기술지침
540,산업보건일반,2012-06-20,G,안전·보건 일반지침,34,2012,G-34-2012,도기생산시 건강 유해물질 관리 기술지침
541,산업안전일반,2012-06-20,G,안전·보건 일반지침,35,2012,G-35-2012,근로자의 신규채용시 연수에 관한 지침
542,산업안전일반,2012-06-20,G,안전·보건 일반지침,36,2012,G-36-2012,안전보건표지에 관한 기술지침
543,산업보건일반,2012-06-20,G,안전·보건 일반지침,37,2012,G-37-2012,근로자의 일반적인 건강관리에 관한 지침
544,산업안전일반,2012-06-20,G,안전·보건 일반지침,38,2012,G-38-2012,연소 근로자의 안전보건에 관한 기술지침
545,산업안전일반,2012-06-20,G,안전·보건 일반지침,40,2012,G-40-2012,"해상운송을 위한 포장,운반 및 선적에 관한 기술지침"
546,산업보건일반,2012-06-20,G,안전·보건 일반지침,41,2012,G-41-2012,훈증작업시 유해물질의 관리에 관한 기술지침
547,산업안전일반,2011-12-29,G,안전·보건 일반지침,44,2011,G-44-2011,수공구 사용 안전지침
548,산업안전일반,2012-06-20,G,안전·보건 일반지침,46,2012,G-46-2012,제과?제빵 사업장의 안전보건에 관한 기술지침
549,산업안전일반,2012-06-20,G,안전·보건 일반지침,47,2012,G-47-2012,촬영작업 안전에 관한 기술지침
550,산업안전일반,2017-12-18,G,안전·보건 일반지침,52,2017,G-52-2017,유체이송용 배관장치 시공안전에 관한 기술지침
551,산업안전일반,2013-08-30,G,안전·보건 일반지침,53,2013,G-53-2013,공연 및 체육행사 개최 시 안전에 관한 지침
552,산업보건일반,2012-06-20,G,안전·보건 일반지침,54,2012,G-54-2012,모니터 작업의 안전에 관한 기술지침
553,산업안전일반,2012-06-20,G,안전·보건 일반지침,55,2012,G-55-2012,차량 경정비 작업안전에 관한 기술지침
554,산업안전일반,2012-06-20,G,안전·보건 일반지침,58,2012,G-58-2012,오토바이 배달작업 시 안전에 관한 기술지침
555,산업안전일반,2012-06-20,G,안전·보건 일반지침,59,2012,G-59-2012,학교 급식실 근로자의 안전보건에 관한 기술지침
556,산업안전일반,2012-06-20,G,안전·보건 일반지침,60,2012,G-60-2012,건물 관리 작업 시 안전보건에 관한 기술지침
557,산업안전일반,2012-06-20,G,안전·보건 일반지침,61,2012,G-61-2012,공동주택 경비근로자의 관리업무 보조작업 시 안전에 관한 기술지침
558,산업안전일반,2011-12-26,G,안전·보건 일반지침,62,2011,G-62-2011,사업장의 일반안전규칙(General Safety Rules)에 관한 지침
559,기계안전,2011-12-26,G,안전·보건 일반지침,63,2011,G-63-2011,기계톱을 이용한 벌목작업에 관한 기술지침
560,산업안전일반,2011-12-26,G,안전·보건 일반지침,64,2011,G-64-2011,벌목작업 현장의 응급처치에 관한 지침
561,산업안전일반,2011-12-26,G,안전·보건 일반지침,65,2011,G-65-2011,장애인 근로자의 안전작업에 관한 지침
562,산업안전일반,2011-12-26,G,안전·보건 일반지침,66,2011,G-66-2011,외국인 근로자의 안전작업에 관한 지침
563,산업안전일반,2011-12-26,G,안전·보건 일반지침,67,2011,G-67-2011,건물 외벽 청소 작업에 관한 기술지침
564,산업안전일반,2011-12-26,G,안전·보건 일반지침,68,2011,G-68-2011,조리작업장 내 조리도구 사용에 관한 안전지침
565,기계안전,2011-12-26,G,안전·보건 일반지침,69,2011,G-69-2011,예초기 작업에 관한 기술지침
566,산업안전일반,2011-12-26,G,안전·보건 일반지침,70,2011,G-70-2011,동물원 근로자의 안전작업에 관한 지침
567,산업안전일반,2011-12-26,G,안전·보건 일반지침,71,2011,G-71-2011,안전보건 벤치마킹에 관한 기술지침
568,산업안전일반,2011-12-26,G,안전·보건 일반지침,72,2011,G-72-2011,근로자 안전보건 상담에 관한 기술지침
569,산업안전일반,2011-12-26,G,안전·보건 일반지침,73,2011,G-73-2011,소 사육장 내에서의 안전지침
570,산업안전일반,2011-12-26,G,안전·보건 일반지침,74,2011,G-74-2011,작업장 내‘약자 괴롭힘(Bullying)’방지를 위한 지침
571,산업안전일반,2011-12-29,G,안전·보건 일반지침,76,2011,G-76-2011,공기재킷의 제작?사용에 관한 기술지침
572,화학안전,2013-07-19,G,안전·보건 일반지침,77,2013,G-77-2013,물반응성 물질의 취급 저장에 관한 기술지침
573,산업안전일반,2021-12-01,G,안전·보건 일반지침,78,2021,G-78-2021,유해·위험물 탱크로리의 검사 및 입·출하 등에 관한 기술지침
574,산업안전일반,2018-11-05,G,안전·보건 일반지침,82,2018,G-82-2018,실험실 안전보건에 관한 기술지침
575,산업안전일반,2016-06-30,G,안전·보건 일반지침,83,2016,G-83-2016,"산업재해 기록,분류에 관한 지침"
576,리스크관리,2012-06-20,G,안전·보건 일반지침,84,2012,G-84-2012,기계?기구 제조업 등의 위험성 평가 지침
577,산업안전일반,2015-12-07,G,안전·보건 일반지침,85,2015,G-85-2015,작업장의 통로 및 계단 설치에 관한 기술지침
578,산업안전일반,2012-11-29,G,안전·보건 일반지침,87,2012,G-87-2012,고령근로자의 작업에 관한 안전지침
579,산업안전일반,2012-11-29,G,안전·보건 일반지침,88,2012,G-88-2012,도로변 수목 관리 작업의 안전보건에 관한 기술지침
580,산업안전일반,2012-11-29,G,안전·보건 일반지침,89,2012,G-89-2012,숙박시설 객실청소 작업의 안전보건에 관한 기술지침
581,산업안전일반,2015-06-18,G,안전·보건 일반지침,90,2015,G-90-2015,운반구에 관한 안전지침
582,산업안전일반,2012-11-29,G,안전·보건 일반지침,91,2012,G-91-2012,장애인 및 환자 이송용 호이스트 이용에 관한 안전지침
583,산업안전일반,2012-11-29,G,안전·보건 일반지침,92,2012,G-92-2012,포대 취급 시 안전에 관한 기술지침
584,산업안전일반,2012-11-29,G,안전·보건 일반지침,93,2012,G-93-2012,고령근로자의 안전보건교육에 관한 기술지침
585,산업안전일반,2012-11-29,G,안전·보건 일반지침,94,2012,G-94-2012,산업재해 예방을 위한 작업능력 증진에 관한 기술지침
586,산업안전일반,2012-11-29,G,안전·보건 일반지침,95,2012,G-95-2012,산업현장의 안전디자인 적용에 관한 기술지침
587,산업안전일반,2012-11-29,G,안전·보건 일반지침,96,2012,G-96-2012,인적오류 예방에 관한 인간공학적 안전보건관리 지침
588,산업안전일반,2012-12-27,G,안전·보건 일반지침,97,2012,G-97-2012,급식실 시설에 관한 안전지침
589,산업안전일반,2013-08-30,G,안전·보건 일반지침,98,2013,G-98-2013,연소 근로자의 안전보건 교육훈련에 관한 기술지침
590,산업안전일반,2013-08-30,G,안전·보건 일반지침,99,2013,G-99-2013,근로자 회합 시 근로자 안전에 관한 기술지침
591,산업안전일반,2013-08-30,G,안전·보건 일반지침,100,2013,G-100-2013,지게차 운전자의 안전교육훈련에 관한 기술지침
592,산업안전일반,2013-08-30,G,안전·보건 일반지침,101,2013,G-101-2013,운송용 차량에서의 작업 시 떨어짐 사고를 방지하기 위한 기술지침
593,산업안전일반,2013-11-30,G,안전·보건 일반지침,102,2013,G-102-2013,농장의 안전 경영에 관한 기술지침
594,산업안전일반,2013-11-30,G,안전·보건 일반지침,103,2013,G-103-2013,인쇄물 묶음 취급 시 안전에 관한 기술지침
595,산업안전일반,2020-12-15,G,안전·보건 일반지침,104,2020,G-104-2020,화재 및 화학물질 누출사고 대응을 위한 비상조치계획에 관한 지침
596,산업안전일반,2013-11-30,G,안전·보건 일반지침,105,2013,G-105-2013,작업차량 선정과 유지관리에 관한 기술지침
597,산업안전일반,2013-11-30,G,안전·보건 일반지침,106,2013,G-106-2013,실리카 분진이 발생되는 작업 시의 안전보건에 관한 기술지침
598,산업안전일반,2013-11-30,G,안전·보건 일반지침,107,2013,G-107-2013,안전보건 리더십에 관한 지침
599,산업안전일반,2014-11-27,G,안전·보건 일반지침,108,2014,G-108-2014,경운기 사용 시 안전작업에 관한 기술지침
600,산업안전일반,2014-11-27,G,안전·보건 일반지침,109,2014,G-109-2014,창고 작업 시 안전에 관한 기술지침
601,산업안전일반,2014-11-27,G,안전·보건 일반지침,110,2014,G-110-2014,폐지 선별 및 압축 시 안전에 관한 기술지침
602,산업보건일반,2014-11-27,G,안전·보건 일반지침,111,2014,G-111-2014,농업용 기계작업 시 전신진동의 위험성 저감에 관한 안전기술지침
603,산업안전일반,2014-11-27,G,안전·보건 일반지침,112,2014,G-112-2014,수목 등주 작업 시 안전에 관한 기술지침
604,산업안전일반,2014-11-27,G,안전·보건 일반지침,114,2014,G-114-2014,"폴리우레탄, 스티로폼 등 보온재 주변의 용접 및 금속절단 작업에 관한 기술지침"
605,산업보건일반,2014-11-27,G,안전·보건 일반지침,115,2014,G-115-2014,국소배기장치 사용 시 안전 기술지침
606,산업안전일반,2014-11-27,G,안전·보건 일반지침,116,2014,G-116-2014,도크 내 선박건조작업 시 안전보건에 관한 기술지침
607,산업안전일반,2014-11-27,G,안전·보건 일반지침,117,2014,G-117-2014,선박내부에서 도장작업 시 안전에 관한 기술지침
608,산업안전일반,2015-12-07,G,안전·보건 일반지침,118,2015,G-118-2015,수영장 안전에 관한 기술지침
609,산업안전일반,2015-12-07,G,안전·보건 일반지침,119,2015,G-119-2015,인력운반작업에 관한 안전가이드
610,산업안전일반,2015-12-07,G,안전·보건 일반지침,120,2015,G-120-2015,인적에러 방지를 위한 안전가이드
611,산업안전일반,2015-12-07,G,안전·보건 일반지침,121,2015,G-121-2015,조도계 사용에 관한 기술지침
612,산업위생,2016-06-30,G,안전·보건 일반지침,122,2016,G-122-2016,"잠수용 기압조절실 점검,관리 기술지침"
613,산업위생,2016-06-30,G,안전·보건 일반지침,123,2016,G-123-2016,"잠수용 비상기체통 점검,관리 기술지침"
614,산업위생,2016-06-30,G,안전·보건 일반지침,124,2016,G-124-2016,"잠수용 생명줄 점검,관리 기술지침"
615,산업안전일반,2017-12-18,G,안전·보건 일반지침,125,2017,G-125-2017,사업장 지진대비 비상대응 및 조치에 관한 지침
616,산업안전일반,2018-11-05,G,안전·보건 일반지침,126,2018,G-126-2018,화약공장 안전에 관한 기술지침
617,산업보건일반,2020-12-03,G,안전·보건 일반지침,127,2020,G-127-2020,공기잠수 기록에 관한 지침
618,산업보건일반,2020-12-03,G,안전·보건 일반지침,128,2020,G-128-2020,잠수용 기압조절실을 이용한 감압병 응급조치에 관한 지침
619,산업보건일반,2018-12-14,G,안전·보건 일반지침,129,2018,G-129-2018,잠수용 호흡기체의 질 및 분압 관리에 관한 지침
620,산업안전일반,2020-12-15,G,안전·보건 일반지침,130,2020,G-130-2020,이동식 사다리의 제작과 사용에 관한 기술지침
621,산업안전일반,2020-12-15,G,안전·보건 일반지침,131,2020,G-131-2020,생활폐기물 수거 및 처리작업의 안전보건에 관한 기술지침
622,산업안전일반,2023-08-24,G,안전·보건 일반지침,132,2023,G-132-2023,벨트 슬링 사용·점검 등에 관한 기술지침
623,산업안전일반,2020-12-15,G,안전·보건 일반지침,133,2020,G-133-2020,와이어로프 슬링 사용·점검 등에 관한 기술지침
624,산업안전일반,2023-08-24,G,안전·보건 일반지침,134,2023,G-134-2023,체인 슬링 사용·점검 등에 관한 기술지침
625,산업안전일반,2021-12-01,G,안전·보건 일반지침,135,2021,G-135-2021,스마트팩토리 안전시스템 평가에 관한 기술지침
626,산업안전일반,2021-12-01,G,안전·보건 일반지침,136,2021,G-136-2021,잠수기어업 표면공급식 잠수작업에 관한 안전지침
627,산업의학,2010-08-31,H,건강진단 및 관리지침,2,2010,H-2-2010,비특이 기도과민검사 실시지침
628,산업의학,2010-08-31,H,건강진단 및 관리지침,3,2010,H-3-2010,작업 중 최대호기유속 연속측정 실시지침
629,산업보건일반,2021-12-01,H,건강진단 및 관리지침,4,2021,H-4-2021,일반건강진단결과에 따른 사후관리 지침
630,산업의학,2021-10-01,H,건강진단 및 관리지침,5,2021,H-5-2021,인플루엔자 대유행시 직장내 관리지침
631,산업의학,2020-12-24,H,건강진단 및 관리지침,6,2020,H-6-2020,안티몬 노출 근로자의 건강관리지침
632,산업의학,2012-06-20,H,건강진단 및 관리지침,7,2012,H-7-2012,청력보존프로그램의 효과 평가지침
633,산업의학,2023-08-24,H,건강진단 및 관리지침,8,2023,H-8-2023,톨루엔의 생물학적노출지표물질 분석에 관한 기술지침
634,산업보건일반,2022-12-31,H,건강진단 및 관리지침,9,2022,H-9-2022,근골격계부담작업 유해요인조사 지침
635,산업보건일반,2012-06-20,H,건강진단 및 관리지침,10,2012,H-10-2012,환경미화원의 근골격계질환 예방 지침
636,산업보건일반,2012-06-20,H,건강진단 및 관리지침,11,2012,H-11-2012,요양보호사의 근골격계질환 예방 지침
637,산업의학,2021-10-01,H,건강진단 및 관리지침,12,2021,H-12-2021,콜타르의 생물학적 노출지표물질 분석에 관한 지침
638,산업의학,2020-12-24,H,건강진단 및 관리지침,13,2020,H-13-2020,클로로벤젠의 생물학적 노출지표물질 분석에 관한 지침
639,산업의학,2021-10-01,H,건강진단 및 관리지침,14,2021,H-14-2021,디메틸포름아미드의 생물학적 노출지표물질 분석에 관한 지침
640,산업의학,2021-10-01,H,건강진단 및 관리지침,15,2021,H-15-2021,수은의 생물학적 노출지표물질 분석에 관한 지침
641,산업의학,2021-10-01,H,건강진단 및 관리지침,16,2021,H-16-2021,불화수소의 생물학적 노출지표물질 분석에 관한 지침
642,산업의학,2021-10-01,H,건강진단 및 관리지침,17,2021,H-17-2021,카드뮴의 생물학적 노출지표물질 분석에 관한 지침
643,산업의학,2021-10-01,H,건강진단 및 관리지침,18,2021,H-18-2021,펜타클로로페놀의 생물학적 노출지표물질 분석에 관한 지침
644,산업의학,2023-08-24,H,건강진단 및 관리지침,19,2023,H-19-2023,벤젠의 생물학적 노출지표물질 분석에 관한 지침 
645,산업의학,2023-08-24,H,건강진단 및 관리지침,20,2023,H-20-2023,트리클로로에틸렌의 생물학적 노출지표물질 분석에 관한 지침
646,산업의학,2021-10-01,H,건강진단 및 관리지침,21,2021,H-21-2021,납의 생물학적 노출지표물질 분석에 관한 지침
647,산업보건일반,2019-10-01,H,건강진단 및 관리지침,22,2019,H-22-2019,교대작업자의 보건관리지침
648,산업보건일반,2011-12-26,H,건강진단 및 관리지침,23,2011,H-23-2011,유통업 근로자의 근골격계질환 예방 지침
649,산업보건일반,2011-12-26,H,건강진단 및 관리지침,24,2011,H-24-2011,차량정비원의 근골격계질환 예방 지침
650,산업보건일반,2011-12-26,H,건강진단 및 관리지침,25,2011,H-25-2011,건물 내 청소원의 건강장해 예방에 관한 지침
651,산업보건일반,2020-12-03,H,건강진단 및 관리지침,26,2020,H-26-2020,조리직종 근로자의 건강장해 예방에 관한 지침
652,산업보건일반,2011-12-26,H,건강진단 및 관리지침,27,2011,H-27-2011,"택시, 버스 운전원의 직무스트레스 예방을 위한 관리감독자용 지침"
653,산업보건일반,2020-12-03,H,건강진단 및 관리지침,29,2020,H-29-2020,음식서비스 종사자의 직무스트레스 예방 지침
654,산업보건일반,2022-12-31,H,건강진단 및 관리지침,34,2022,H-34-2022,감정노동에 따른 직무스트레스 예방 지침
655,산업보건일반,2011-12-26,H,건강진단 및 관리지침,35,2011,H-35-2011,사업장에서의 간접흡연 예방 지침
656,산업보건일반,2021-12-01,H,건강진단 및 관리지침,36,2021,H-36-2021,사업장의 중대재해 발생 시 급성 스트레스에 대한 조기대응 지침
657,산업보건일반,2021-12-01,H,건강진단 및 관리지침,37,2021,H-37-2021,근로자의 자살 및 우울증 예방을 위한 사업장 지침
658,산업보건일반,2011-12-26,H,건강진단 및 관리지침,38,2011,H-38-2011,직무스트레스의 일상적인 관리를 위한 관리감독자용 지침
659,산업보건일반,2011-12-26,H,건강진단 및 관리지침,39,2011,H-39-2011,직무스트레스 자기관리를 위한 근로자용 지침
660,산업보건일반,2011-12-26,H,건강진단 및 관리지침,40,2011,H-40-2011,사업장 직무스트레스 예방 프로그램
661,산업의학,2021-10-01,H,건강진단 및 관리지침,41,2021,H-41-2021,흉부방사선검사 이상 근로자의 진료지침
662,산업의학,2021-10-01,H,건강진단 및 관리지침,42,2021,H-42-2021,피부보호구의 사용 지침 - 보호용 장갑
663,산업의학,2021-10-01,H,건강진단 및 관리지침,43,2021,H-43-2021,업무적합성평가시 운동부하검사 지침
664,산업의학,2021-10-01,H,건강진단 및 관리지침,44,2021,H-44-2021,호흡기 감작물질 노출근로자의 보건관리 지침
665,산업의학,2022-12-31,H,건강진단 및 관리지침,45,2022,H-45-2022,특수건강진단 사전조사 지침
666,산업의학,2021-10-01,H,건강진단 및 관리지침,46,2021,H-46-2021,천식을 진단받은 근로자의 업무적합성 평가 지침
667,산업의학,2021-10-01,H,건강진단 및 관리지침,47,2021,H-47-2021,장시간 근로자 보건관리 지침
668,산업의학,2020-10-08,H,건강진단 및 관리지침,48,2020,H-48-2020,직업성 암의 업무관련성 평가 지침
669,산업의학,2021-10-01,H,건강진단 및 관리지침,49,2021,H-49-2021,가을철 발열성 질환의 관리 지침
670,산업의학,2021-10-01,H,건강진단 및 관리지침,50,2021,H-50-2021,뇌심혈관질환 근로자의 업무복귀시 업무적합성 평가 지침
671,산업의학,2021-10-01,H,건강진단 및 관리지침,51,2021,H-51-2021,피부감작물질 노출 근로자의 보건관리 지침
672,산업의학,2021-10-01,H,건강진단 및 관리지침,52,2021,H-52-2021,요추불안정증의 업무적합성 평가 지침
673,산업의학,2021-10-01,H,건강진단 및 관리지침,53,2021,H-53-2021,병원 근로자의 마취가스 노출관리 지침
674,산업의학,2021-10-01,H,건강진단 및 관리지침,54,2021,H-54-2021,잠수작업자 보건관리 지침 
675,산업의학,2012-06-20,H,건강진단 및 관리지침,55,2012,H-55-2012,청력보존프로그램의 시행을 위한 청력평가 지침
676,산업의학,2023-08-24,H,건강진단 및 관리지침,56,2023,H-56-2023,순음청력검사에 관한 지침
677,산업의학,2023-11-29,H,건강진단 및 관리지침,57,2023,H-57-2023,현장 응급대응체계 원칙 및 관리지침
678,산업의학,2020-12-24,H,건강진단 및 관리지침,58,2020,H-58-2020,건강진단 시 혈액시료 보관 및 관리지침
679,산업의학,2021-10-01,H,건강진단 및 관리지침,59,2021,H-59-2021,현장 심폐소생술 시행지침
680,산업의학,2021-10-01,H,건강진단 및 관리지침,60,2021,H-60-2021,특수건강진단 생물학적 노출지표 분석 위탁에 관한 관리지침
681,산업의학,2012-06-20,H,건강진단 및 관리지침,61,2012,H-61-2012,청력보존프로그램 수립시행 지침
682,산업의학,2021-10-01,H,건강진단 및 관리지침,62,2021,H-62-2021,전리방사선 노출 근로자 건강관리 지침
683,산업의학,2021-10-01,H,건강진단 및 관리지침,63,2021,H-63-2021,병?의원 종사자의 주사침 등의 손상예방 지침
684,산업보건일반,2012-06-20,H,건강진단 및 관리지침,64,2012,H-64-2012,사무실 작업환경 관리지침
685,산업보건일반,2012-06-20,H,건강진단 및 관리지침,65,2012,H-65-2012,사업장 근골격계질환 예방관리 프로그램
686,산업보건일반,2012-08-27,H,건강진단 및 관리지침,66,2012,H-66-2012,근골격계질환 예방을 위한 작업환경개선 지침
687,산업의학,2022-12-31,H,건강진단 및 관리지침,67,2022,H-67-2022,직무스트레스요인 측정지침
688,산업보건일반,2012-06-20,H,건강진단 및 관리지침,68,2012,H-68-2012,사업장의 근골격계질환 예방을 위한 의학적조치에 관한 지침
689,산업보건일반,2020-12-03,H,건강진단 및 관리지침,70,2020,H-70-2020,석면해체 제거 작업 지침
690,산업위생,2015-09-03,H,건강진단 및 관리지침,71,2015,H-71-2015,유기화합물 취급 관리지침
691,산업위생,2015-09-03,H,건강진단 및 관리지침,72,2015,H-72-2015,확산시료채취법과 흡착관·열탈착·가스크로마토그래피 분석에 의한 유기화합물질 평가방법에 관한 기술지침
692,산업위생,2015-09-03,H,건강진단 및 관리지침,73,2015,H-73-2015,용접작업 보건 관리지침
693,산업위생,2015-09-03,H,건강진단 및 관리지침,74,2015,H-74-2015,펌프식시료채취법과 흡착관?열탈착?가스크로마토그래피 분석에 의한 유기화합물질 평가방법에 관한 기술지침
694,산업위생,2015-09-03,H,건강진단 및 관리지침,75,2015,H-75-2015,사업장 작업환경 평가지침
695,산업위생,2015-09-03,H,건강진단 및 관리지침,76,2015,H-76-2015,국소배기장치 점검·보수시 안전보건 관리지침
696,산업위생,2012-06-20,H,건강진단 및 관리지침,77,2012,H-77-2012,국소진동 측정 및 평가지침
697,산업위생,2012-06-20,H,건강진단 및 관리지침,78,2012,H-78-2012,자외선 소독기에서 발생되는 자외선의 노출평가 및 관리지침
698,산업위생,2021-12-31,H,건강진단 및 관리지침,80,2021,H-80-2021,밀폐공간 작업 프로그램 수립 및 시행에 관한 기술지침
699,산업독성,2021-10-01,H,건강진단 및 관리지침,81,2021,H-81-2021,화학물질의 유해성 평가를 위한 유전독성시험에 관한 기술지침
700,산업위생,2020-10-08,H,건강진단 및 관리지침,82,2020,H-82-2020,호흡보호구의 선정·사용 및 관리에 관한 지침
701,산업독성,2021-10-01,H,건강진단 및 관리지침,83,2021,H-83-2021,화학물질의 급성 경피독성 시험 기술지침
702,산업보건일반,2012-08-27,H,건강진단 및 관리지침,84,2012,H-84-2012,건설근로자의 직무스트레스 예방을 위한 관리감독자용 지침
703,산업보건일반,2012-08-27,H,건강진단 및 관리지침,90,2012,H-90-2012,형틀목공의 근골격계질환 예방지침
704,산업의학,2021-10-01,H,건강진단 및 관리지침,91,2021,H-91-2021,피로도 평가 및 관리지침
705,산업의학,2012-11-29,H,건강진단 및 관리지침,92,2012,H-92-2012,전기도금 사업장 근로자 보건관리 기술지침
706,산업의학,2021-10-01,H,건강진단 및 관리지침,93,2021,H-93-2021,의료기관 근로자의 공기매개 감염병에 대한 관리지침
707,산업의학,2021-10-01,H,건강진단 및 관리지침,94,2021,H-94-2021,구제역 등 방역작업 종사자 건강관리지침
708,산업의학,2021-10-01,H,건강진단 및 관리지침,95,2021,H-95-2021,만성폐쇄성 폐질환 근로자의 건강관리지침
709,산업의학,2021-10-01,H,건강진단 및 관리지침,96,2021,H-96-2021,작업장내의 질병 집단발생에 대한 조사지침
710,산업의학,2021-10-01,H,건강진단 및 관리지침,97,2021,H-97-2021,조혈기계 검사 이상근로자의 관리지침
711,산업의학,2021-10-01,H,건강진단 및 관리지침,98,2021,H-98-2021,당뇨병을 진단받은 근로자에 대한 건강관리 지침
712,산업의학,2023-08-24,H,건강진단 및 관리지침,99,2023,H-99-2023,일산화탄소의 생물학적 노출지표물질 분석에 관한 기술지침
713,산업위생,2012-11-29,H,건강진단 및 관리지침,100,2012,H-100-2012,PCBs 폐기물 처리작업에서의 작업환경관리 기술지침
714,산업위생,2015-09-03,H,건강진단 및 관리지침,101,2015,H-101-2015,실험실 자체 정도관리 지침
715,산업보건일반,2014-12-24,H,건강진단 및 관리지침,102,2014,H-102-2014,사업장 종합 화학물질 관리 프로그램 작성 시행지침
716,산업보건일반,2012-11-29,H,건강진단 및 관리지침,103,2012,H-103-2012,냉동설비 보유 기계실의 안전보건 작업지침
717,산업보건일반,2012-11-29,H,건강진단 및 관리지침,104,2012,H-104-2012,세탁업 종사자의 건강장해 예방관리지침
718,산업보건일반,2012-11-29,H,건강진단 및 관리지침,105,2012,H-105-2012,은행출납사무원의 근골격계질환 예방 지침
719,산업보건일반,2012-11-29,H,건강진단 및 관리지침,106,2012,H-106-2012,골프경기보조원의 근골격계질환 예방 지침
720,산업보건일반,2012-11-29,H,건강진단 및 관리지침,107,2012,H-107-2012,호텔 종사자의 근골격계질환 예방 지침
721,산업보건일반,2012-11-29,H,건강진단 및 관리지침,108,2012,H-108-2012,항공사 객실승무원의 근골격계질환 예방 지침
722,산업보건일반,2019-10-01,H,건강진단 및 관리지침,109,2019,H-109-2019,카드뮴 또는 그 화합물 노출 근로자의 보건관리지침
723,산업보건일반,2013-07-11,H,건강진단 및 관리지침,110,2013,H-110-2013,결정형 유리규산 노출 근로자의 보건관리지침
724,산업보건일반,2019-10-01,H,건강진단 및 관리지침,111,2019,H-111-2019,포름알데히드 노출 근로자의 보건관리지침
725,산업보건일반,2020-12-03,H,건강진단 및 관리지침,112,2020,H-112-2020,"1,3-부타디엔 노출 근로자의 암 예방지침"
726,산업보건일반,2013-07-11,H,건강진단 및 관리지침,113,2013,H-113-2013,산화에틸렌 노출 근로자의 암 예방지침
727,산업보건일반,2019-10-01,H,건강진단 및 관리지침,114,2019,H-114-2019,니켈 또는 그 화합물 노출 근로자의 보건관리지침
728,산업보건일반,2013-07-11,H,건강진단 및 관리지침,115,2013,H-115-2013,시안화수소 취급 근로자의 증독 예방 및 응급대응 지침
729,산업보건일반,2019-10-01,H,건강진단 및 관리지침,116,2019,H-116-2019,이산화질소 노출 사업장의 증독 예방 및 응급대응 지침
730,산업보건일반,2019-10-01,H,건강진단 및 관리지침,117,2019,H-117-2019,황화수소 취급근로자의 중독예방 및 응급대응 지침
731,산업보건일반,2013-07-11,H,건강진단 및 관리지침,118,2013,H-118-2013,곡물분진 및 곡분 노출 근로자의 보건관리지침
732,산업보건일반,2013-07-11,H,건강진단 및 관리지침,119,2013,H-119-2013,6가 크롬 또는 그 화합물 노출 근로자의 보건관리지침
733,산업보건일반,2020-12-03,H,건강진단 및 관리지침,120,2020,H-120-2020,비소 또는 그 무기 화합물 노출 근로자의 보건관리지침
734,산업보건일반,2013-12-17,H,건강진단 및 관리지침,121,2013,H-121-2013,염화비닐 노출 근로자의 보건관리지침
735,산업보건일반,2013-12-17,H,건강진단 및 관리지침,122,2013,H-122-2013,목재 분진 노출 근로자의 보건관리지침
736,산업보건일반,2013-12-17,H,건강진단 및 관리지침,123,2013,H-123-2013,불산/불화수소 취급근로자의 중독 예방 및 응급대응 지침
737,산업보건일반,2019-10-01,H,건강진단 및 관리지침,124,2019,H-124-2019,베릴륨 또는 그 화합물 노출 근로자의 보건관리지침
738,산업보건일반,2013-12-17,H,건강진단 및 관리지침,125,2013,H-125-2013,콜타르와 콜타르 피치 노출 근로자 보건관리지침
739,산업보건일반,2013-12-17,H,건강진단 및 관리지침,126,2013,H-126-2013,광물유 노출 근로자 보건관리지침
740,산업보건일반,2019-10-01,H,건강진단 및 관리지침,127,2019,H-127-2019,라돈 노출 근로자의 암 예방지침
741,산업의학,2021-10-01,H,건강진단 및 관리지침,128,2021,H-128-2021,의료기관 근로자의 화학물질 노출에 대한 보건관리지침
742,산업의학,2023-11-29,H,건강진단 및 관리지침,129,2023,H-129-2023,폐활량검사 및 판정에 관한 지침
743,산업의학,2021-10-01,H,건강진단 및 관리지침,130,2021,H-130-2021,접촉피부염의 작업관련성 평가지침
744,산업의학,2021-10-01,H,건강진단 및 관리지침,131,2021,H-131-2021,혈액원성 병원체에 의한 건강장해 예방 지침
745,산업의학,2023-08-24,H,건강진단 및 관리지침,132,2023,H-132-2023,벤젠 노출 근로자의 건강관리지침
746,산업의학,2021-10-01,H,건강진단 및 관리지침,133,2021,H-133-2021,"N,N-디메틸포름아미드(DMF) 노출 근로자의 건강관리지침"
747,산업의학,2021-10-01,H,건강진단 및 관리지침,134,2021,H-134-2021,납과 그 무기화합물 노출 근로자의 건강관리지침
748,산업의학,2021-10-01,H,건강진단 및 관리지침,135,2021,H-135-2021,노말헥산 노출 근로자의 건강관리지침
749,산업의학,2021-10-01,H,건강진단 및 관리지침,136,2021,H-136-2021,망간노출 근로자의 건강관리지침
750,산업의학,2023-08-24,H,건강진단 및 관리지침,137,2023,H-137-2023,트리클로로에틸렌 노출 근로자의 건강관리 지침
751,산업의학,2021-10-01,H,건강진단 및 관리지침,138,2021,H-138-2021,채취 가검물에 의한 오염방지에 관한 지침
752,산업의학,2021-10-01,H,건강진단 및 관리지침,139,2021,H-139-2021,노말헥산의 생물학적 노출지표물질 분석에 관한 기술지침
753,산업위생,2013-07-11,H,건강진단 및 관리지침,140,2013,H-140-2013,건축물 등의 석면조사 지침
754,산업의학,2021-10-01,H,건강진단 및 관리지침,141,2021,H-141-2021,크롬의 생물학적 노출 평가 분석 방법에 관한 지침
755,산업의학,2021-10-01,H,건강진단 및 관리지침,142,2021,H-142-2021,니켈 및 황화니켈의 생물학적 노출 평가 분석 방법에 관한 지침
756,산업의학,2021-10-01,H,건강진단 및 관리지침,143,2021,H-143-2021,p-니트로아닐린생물학적 노출 평가 분석 방법에 관한 지침
757,산업의학,2021-10-01,H,건강진단 및 관리지침,144,2021,H-144-2021,에틸렌글라이콜모노에틸에테르의 생물학적 노출 평가 분석 방법에 관한 지침
758,산업의학,2021-10-01,H,건강진단 및 관리지침,145,2021,H-145-2021,비소의 생물학적 노출 평가 분석 방법에 관한 지침
759,산업의학,2021-10-01,H,건강진단 및 관리지침,146,2021,H-146-2021,페놀의 생물학적 노출지표 물질 분석에 관한 기술지침
760,산업독성,2021-12-31,H,건강진단 및 관리지침,147,2021,H-147-2021,특별관리물질 취급 근로자의 작업환경관리 지침 
761,산업의학,2021-10-01,H,건강진단 및 관리지침,148,2021,H-148-2021,오산화바나듐의 생물학적 노출지표 물질 분석에 관한 기술지침
762,산업의학,2021-10-01,H,건강진단 및 관리지침,149,2021,H-149-2021,망간의 생물학적 노출지표 물질 분석에 관한 기술지침
763,산업의학,2021-10-01,H,건강진단 및 관리지침,151,2021,H-151-2021,스티렌의 생물학적 노출지표 물질 분석에 관한 기술지침
764,산업의학,2021-10-01,H,건강진단 및 관리지침,152,2021,H-152-2021,질산의 생물학적 노출지표 물질 분석에 관한 기술지침
765,산업의학,2021-10-01,H,건강진단 및 관리지침,153,2021,H-153-2021,이황화탄소의 생물학적 노출지표 물질 분석에 관한 기술지침
766,산업의학,2021-10-01,H,건강진단 및 관리지침,154,2021,H-154-2021,메틸알코올의 생물학적 노출지표물질 분석에 관한 기술지침
767,산업보건일반,2019-10-01,H,건강진단 및 관리지침,155,2019,H-155-2019,비파괴 작업근로자의 방사선 노출 관리지침
768,산업보건일반,2014-12-24,H,건강진단 및 관리지침,157,2014,H-157-2014,생식독성물질 취급 사업장의 보건관리 지침
769,산업보건일반,2021-10-01,H,건강진단 및 관리지침,158,2021,H-158-2021,물질안전보건자료(MSDS) 교육 실시에 관한 지침
770,산업보건일반,2014-12-24,H,건강진단 및 관리지침,160,2014,H-160-2014,청력보호구의 착용방법 및 관리에 관한 지침
771,산업보건일반,2014-12-24,H,건강진단 및 관리지침,161,2014,H-161-2014,석면조사 과정 및 결과의 기록유지에 관한 지침
772,산업보건일반,2023-11-29,H,건강진단 및 관리지침,162,2023,H-162-2023,사업장 건강증진활동 계획 수립 및 시행에 관한 지침
773,산업보건일반,2021-12-01,H,건강진단 및 관리지침,163,2021,H-163-2021,고객응대 근로자의 감정노동 평가 지침
774,산업의학,2021-10-01,H,건강진단 및 관리지침,164,2021,H-164-2021,파라디메틸아미노아조벤젠의 생물학적 노출지표물질 분석에 관한 기술지침
775,산업의학,2021-10-01,H,건강진단 및 관리지침,165,2021,H-165-2021,디클로로메탄의 생물학적 노출지표물질 분석에 관한 기술지침
776,산업의학,2021-10-01,H,건강진단 및 관리지침,166,2021,H-166-2021,메틸부틸케톤의 생물학적 노출지표물질 분석에 관한 기술지침
777,산업의학,2021-10-01,H,건강진단 및 관리지침,167,2021,H-167-2021,퍼클로로에틸렌의 생물학적 노출지표물질 분석에 관한 기술지침
778,산업의학,2021-10-01,H,건강진단 및 관리지침,168,2021,H-168-2021,크실렌의 생물학적 노출지표물질 분석에 관한 기술지침
779,산업위생,2015-12-07,H,건강진단 및 관리지침,169,2015,H-169-2015,사업장에서 디젤엔진 배기가스 노출 근로자의 보건관리지침
780,산업위생,2015-12-07,H,건강진단 및 관리지침,170,2015,H-170-2015,인듐 취급 근로자의 보건관리지침
781,산업위생,2023-08-24,H,건강진단 및 관리지침,171,2023,H-171-2023,수산화테트라메틸암모늄(TMAH) 취급 전자산업 근로자의 보건관리지침
782,산업위생,2015-12-07,H,건강진단 및 관리지침,172,2015,H-172-2015,아스팔트 도로포장 작업자의 보건관리지침
783,산업위생,2015-12-07,H,건강진단 및 관리지침,173,2015,H-173-2015,염료 취급 근로자의 보건관리지침
784,산업보건일반,2015-12-24,H,건강진단 및 관리지침,174,2015,H-174-2015,영상표시단말기를 사용하는 사무환경 관리에 관한 기술지침
785,산업보건일반,2015-12-07,H,건강진단 및 관리지침,175,2015,H-175-2015,환경미화원 종사 사업장의 세척시설에 관한 기술지침
786,산업보건일반,2015-12-07,H,건강진단 및 관리지침,176,2015,H-176-2015,체크리스트를 활용한 장년근로자의 보건관리지침
787,산업보건일반,2015-12-07,H,건강진단 및 관리지침,177,2015,H-177-2015,국소진동공구 취급근로자의 보건관리지침
788,산업보건일반,2022-12-31,H,건강진단 및 관리지침,178,2022,H-178-2022,근로자 휴게시설 설치에 관한 기술지침
789,산업의학,2016-06-30,H,건강진단 및 관리지침,179,2016,H-179-2016,아세톤의 생물학적 노출지표물질 분석에 관한 기술지침
790,산업의학,2021-10-01,H,건강진단 및 관리지침,180,2021,H-180-2021,직업성 메틸알코올 급성중독 진료지침
791,산업의학,2021-10-01,H,건강진단 및 관리지침,181,2021,H-181-2021,직업성 염소 급성중독 진료지침
792,산업의학,2021-10-01,H,건강진단 및 관리지침,182,2021,H-182-2021,직업성 포름산(Formic Acid) 급성중독 진료지침
793,산업의학,2021-10-01,H,건강진단 및 관리지침,183,2021,H-183-2021,직업성 에틸렌글리콜 급성중독 진료지침
794,산업의학,2021-10-01,H,건강진단 및 관리지침,184,2021,H-184-2021,직업성 산화에틸렌 급성중독 진료지침
795,산업보건일반,2016-12-27,H,건강진단 및 관리지침,185,2016,H-185-2016,보건관리자의 업무에 관한 기술지침
796,산업보건일반,2016-12-27,H,건강진단 및 관리지침,186,2016,H-186-2016,사업장 공기매개 감염병 확산 방지 지침
797,산업보건일반,2021-12-01,H,건강진단 및 관리지침,187,2021,H-187-2021,산업재해 형태별 응급처치 요령
798,산업의학,2021-10-01,H,건강진단 및 관리지침,188,2021,H-188-2021,사업장 근로자의 만설 신장질환 관리지침
799,산업의학,2021-10-01,H,건강진단 및 관리지침,189,2021,H-189-2021,사업장 근로자의 뇌전증 관리지침
800,산업의학,2021-10-01,H,건강진단 및 관리지침,190,2021,H-190-2021,교대작업자의 만성질환 관리수준 평가지침
801,산업의학,2021-10-01,H,건강진단 및 관리지침,191,2021,H-191-2021,살처분 매몰처리 작업자 건강관리지침
802,산업의학,2021-10-01,H,건강진단 및 관리지침,192,2021,H-192-2021,제련작업자의 건강관리 지침
803,산업의학,2021-10-01,H,건강진단 및 관리지침,193,2021,H-193-2021,석면 해체 제거 작업자의 건강관리 지침
804,산업의학,2021-10-01,H,건강진단 및 관리지침,194,2021,H-194-2021,사업장 근로자의 업무관련성평가 기본지침
805,산업의학,2021-10-01,H,건강진단 및 관리지침,195,2021,H-195-2021,사업장 근로자의 업무적합성평가 기본지침
806,산업의학,2018-11-05,H,건강진단 및 관리지침,196,2018,H-196-2018,건설업 비계공의 근골격계질환 예방지침
807,산업의학,2021-10-01,H,건강진단 및 관리지침,197,2021,H-197-2021,사업장내 결핵발생 시 보건관리지침
808,산업의학,2021-10-01,H,건강진단 및 관리지침,198,2021,H-198-2021,소음성난청으로 진단된 근로자에 대한 의학적 관리지침
809,산업위생,2018-12-14,H,건강진단 및 관리지침,199,2018,H-199-2018,석면해체 제거작업 감리지침
810,산업보건일반,2018-12-14,H,건강진단 및 관리지침,200,2018,H-200-2018,직장에서의 뇌심혈관질환 예방을 위한 발병위험도 평가 및 사후관리 지침
811,산업보건일반,2018-12-14,H,건강진단 및 관리지침,201,2018,H-201-2018,기업건강증진지수 평가지침
812,산업보건일반,2018-12-14,H,건강진단 및 관리지침,202,2018,H-202-2018,간호직종 종사자의 근골격계 유해위험요인 평가방법에 대한 기술지침
813,산업보건일반,2018-12-14,H,건강진단 및 관리지침,203,2018,H-203-2018,감정노동 매뉴얼 작성지침
814,산업보건일반,2018-12-14,H,건강진단 및 관리지침,204,2018,H-204-2018,직장 따돌림 예방관리지침
815,산업보건일반,2018-12-14,H,건강진단 및 관리지침,205,2018,H-205-2018,작업환경상 건강유해요인에 대한 위험성평가 지침
816,산업의학,2020-10-08,H,건강진단 및 관리지침,206,2020,H-206-2020,간담도계 검사이상 근로자의 관리지침
817,산업의학,2020-10-08,H,건강진단 및 관리지침,207,2020,H-207-2020,납과 그 무기화학물 노출 근로자 혈중 납 관리수준 평가지침
818,산업의학,2020-10-08,H,건강진단 및 관리지침,208,2020,H-208-2020,비뇨기계 검사이상 근로자 관리지침
819,산업의학,2022-12-31,H,건강진단 및 관리지침,209,2022,H-209-2022,인듐의 생물학적 노출지표 물질분석 기술지침
820,산업의학,2020-10-08,H,건강진단 및 관리지침,210,2020,H-210-2020,"1,2-디클로로프로판의 생물학적 노출지표 물질분석 기술지침"
821,산업보건일반,2020-12-03,H,건강진단 및 관리지침,211,2020,H-211-2020,사업장에서의 구강 건강증진활동 계획 수립 및 시행에 관한 지침
822,산업보건일반,2022-12-31,H,건강진단 및 관리지침,212,2022,H-212-2022,콜센터 감염병 관리를 위한 사무환경 조성에 관한 지침
823,산업의학,2021-10-01,H,건강진단 및 관리지침,213,2021,H-213-2021,"1,2-디클로로프로판 노출 근로자의 건강관리 지침"
824,산업의학,2021-10-01,H,건강진단 및 관리지침,214,2021,H-214-2021,암 경험자의 업무적합성 평가 지침
825,산업보건일반,2021-12-01,H,건강진단 및 관리지침,215,2021,H-215-2021,작업장에서 라돈 보건관리에 관한 기술지침
826,산업의학,2022-12-31,H,건강진단 및 관리지침,216,2022,H-216-2022,생물학적 노출지표 검사시료 채취 지침
827,산업의학,2022-12-31,H,건강진단 및 관리지침,217,2022,H-217-2022,야간 작업자의 특수건강진단 결과에 따른 사후관리 지침
828,산업의학,2022-12-31,H,건강진단 및 관리지침,218,2022,H-218-2022,야간작업 특수건강진단 수면장애 사후관리 지침
829,산업의학,2022-12-31,H,건강진단 및 관리지침,219,2022,H-219-2022,열사병 등 온열질환 예방 지침
830,산업의학,2023-06-29,H,건강진단 및 관리지침,220,2023,H-220-2023,사업장 공기매개 신종감염병 예방지침
831,산업보건일반,2023-11-29,H,건강진단 및 관리지침,221,2023,H-221-2023,물류센터 공기질 관리지침
832,산업의학,2023-11-29,H,건강진단 및 관리지침,222,2023,H-222-2023,운전직 근로자의 업무적합성평가 기술지침
833,산업의학,2023-11-29,H,건강진단 및 관리지침,223,2023,H-223-2023,특수건강진단 신경행동검사 기술지침
834,화학안전,2023-08-24,K,화학공업지침,1,2023,K-1-2023,유해화학물질 저장 운반 및 취급에 관한 기술지침
835,기계안전,2013-07-11,M,기계일반지침,1,2013,M-1-2013,CNC 선반의 날아오는 가공물 등에 의한 위험방지 기술지침
836,기계안전,2016-12-27,M,기계일반지침,4,2016,M-4-2016,다목적 금속 가공기 사용에 관한 기술지침
837,기계안전,2012-06-20,M,기계일반지침,5,2012,M-5-2012,작업장비의 사용에 관한 기술지침
838,기계안전,2012-06-20,M,기계일반지침,6,2012,M-6-2012,목재가공용 둥근톱 벤치 작업에 관한 기술지침
839,기계안전,2016-12-27,M,기계일반지침,7,2016,M-7-2016,블로우 성형기 사용에 관한 기술지침
840,기계안전,2016-12-27,M,기계일반지침,8,2016,M-8-2016,열성형기 사용에 관한 기술지침
841,기계안전,2023-08-24,M,기계일반지침,9,2023,M-9-2023,금속 가공용 수동 둥근톱 사용 시 안전에 관한 기술지침
842,기계안전,2012-06-20,M,기계일반지침,10,2012,M-10-2012,날카로운 모서리의 수작업에 관한 기술지침
843,기계안전,2012-06-20,M,기계일반지침,11,2012,M-11-2012,압력장치 적용에 관한 기술지침
844,기계안전,2012-06-20,M,기계일반지침,13,2012,M-13-2012,플라스틱 판재 및 필름 와인딩기 작업에 관한 기술지침
845,기계안전,2012-06-20,M,기계일반지침,14,2012,M-14-2012,수동용 칼(Hand Knife)의 사용에 관한 기술지침
846,기계안전,2012-06-20,M,기계일반지침,16,2012,M-16-2012,곡물제분기 작업에 관한 기술지침
847,기계안전,2012-06-20,M,기계일반지침,18,2012,M-18-2012,동력 프레스의 소음 제어에 관한 기술지침
848,기계안전,2012-06-20,M,기계일반지침,20,2012,M-20-2012,선반에서 연마용 천(Cloth)의 사용에 관한 기술지침
849,기계안전,2012-06-20,M,기계일반지침,21,2012,M-21-2012,금속 절삭유 사용에 관한 기술지침
850,기계안전,2012-06-20,M,기계일반지침,22,2012,M-22-2012,금속전단기 방호에 관한 기술지침
851,기계안전,2012-06-20,M,기계일반지침,25,2012,M-25-2012,목재가공용 좁은 띠톱작업에 관한 기술지침
852,기계안전,2023-08-24,M,기계일반지침,26,2023,M-26-2023,끼임·절단재해 예방을 위한 기술지침
853,기계안전,2012-06-20,M,기계일반지침,27,2012,M-27-2012,4면 목재성형기의 안전작업에 관한 기술지침
854,기계안전,2012-06-20,M,기계일반지침,31,2012,M-31-2012,손과 팔의 진동 제어에 관한 기술지침
855,기계안전,2012-06-20,M,기계일반지침,33,2012,M-33-2012,식품가공 공장에서 벨트컨베이어의 방호에 관한 기술지침
856,기계안전,2012-06-20,M,기계일반지침,35,2012,M-35-2012,인력운반 작업 위험성평가에 관한 기술지침
857,기계안전,2012-06-20,M,기계일반지침,37,2012,M-37-2012,작업장내 기계 소음평가에 관한 기술지침
858,기계안전,2012-06-20,M,기계일반지침,39,2012,M-39-2012,작업장내에서 인간공학에 관한 기술지침
859,기계안전,2012-06-20,M,기계일반지침,40,2012,M-40-2012,펀치 프레스의 소음저감에 관한 기술지침
860,기계안전,2012-06-20,M,기계일반지침,42,2012,M-42-2012,천장주행크레인의 안전작업에 관한 기술지침
861,기계안전,2013-07-11,M,기계일반지침,43,2013,M-43-2013,안전대의 죔줄에 관한 기술지침
862,기계안전,2012-06-20,M,기계일반지침,44,2012,M-44-2012,기계프레스 및 절곡기의 일상점검에 관한 기술지침
863,기계안전,2012-06-20,M,기계일반지침,45,2012,M-45-2012,들기작업 및 인력운반 작업시 보조기구의 사용에 관한 기술지침
864,기계안전,2012-06-20,M,기계일반지침,46,2012,M-46-2012,들기 작업에 관한 기술지침
865,기계안전,2012-06-20,M,기계일반지침,47,2012,M-47-2012,목재가공의 안전작업에 관한 기술지침
866,기계안전,2012-06-20,M,기계일반지침,48,2012,M-48-2012,안전운송을 위한 작업장에 관한 기술지침
867,기계안전,2023-08-24,M,기계일반지침,49,2023,M-49-2023,작업장내 안전한 적재 및 하역작업을 위한 기술지침
868,기계안전,2023-08-24,M,기계일반지침,51,2023,M-51-2023,작업장의 소음제어에 관한 기술지침
869,기계안전,2012-06-20,M,기계일반지침,52,2012,M-52-2012,체인톱의 사용에 관한 기술지침
870,기계안전,2012-06-20,M,기계일반지침,53,2012,M-53-2012,사출성형의 플라스틱공정에서 흄 제어에 관한 기술지침
871,기계안전,2012-06-20,M,기계일반지침,54,2012,M-54-2012,분쇄기의 안전작업에 관한 기술지침
872,기계안전,2020-12-03,M,기계일반지침,56,2020,M-56-2020,사출성형기의 안전작업에 관한 기술지침
873,기계안전,2020-12-03,M,기계일반지침,57,2020,M-57-2020,압출기의 안전작업에 관한 기술지침
874,기계안전,2012-06-20,M,기계일반지침,58,2012,M-58-2012,창틀제작기의 안전작업에 관한 기술지침
875,기계안전,2012-06-20,M,기계일반지침,59,2012,M-59-2012,서비스업종에서의 넘어짐 위험성 평가에 관한 기술지침
876,기계안전,2012-06-20,M,기계일반지침,60,2012,M-60-2012,간이 측정법을 이용한 작업장의 미끄러짐 측정방법에 관한 기술지침
877,기계안전,2017-11-27,M,기계일반지침,61,2017,M-61-2017,산업용 로봇의 사용 등에 관한 안전 기술지침
878,기계안전,2012-06-20,M,기계일반지침,62,2012,M-62-2012,목공용 기계의 소음관리에 관한 기술지침
879,기계안전,2012-06-20,M,기계일반지침,67,2012,M-67-2012,수동 금속 아크용접에 관한 기술지침
880,기계안전,2012-06-20,M,기계일반지침,68,2012,M-68-2012,전신진동에 의한 요통 리스크에 관한 기술지침
881,기계안전,2012-06-20,M,기계일반지침,69,2012,M-69-2012,압력용기의 잔여수명 평가에 관한 기술지침
882,기계안전,2013-07-11,M,기계일반지침,70,2013,M-70-2013,그로맷(Grommet) 및 케이블레이드 슬링(Cable-laid Sling)에 관한 기술지침
883,기계안전,2011-12-26,M,기계일반지침,71,2011,M-71-2011,열가소성 탱크의 유지관리에 관한 기술지침
884,기계안전,2011-12-26,M,기계일반지침,72,2011,M-72-2011,자분탐상과 침투탐상에 관한 기술지침
885,기계안전,2016-12-27,M,기계일반지침,73,2016,M-73-2016,식음료 산업의 소음관리에 관한 기술지침
886,기계안전,2011-12-26,M,기계일반지침,74,2011,M-74-2011,스테인리스강의 아크 용접에서 발생되는 흄의 제어에 관한 기술지침
887,기계안전,2016-12-27,M,기계일반지침,75,2016,M-75-2016,공압 시스템의 소음감소에 관한 기술지침
888,기계안전,2013-07-11,M,기계일반지침,76,2013,M-76-2013,동력식 수동대패 작업에 관한 안전기술지침
889,기계안전,2011-12-26,M,기계일반지침,77,2011,M-77-2011,자동차 부분 분무도장 작업에 관한 안전 기술지침
890,기계안전,2013-11-30,M,기계일반지침,78,2013,M-78-2013,자동차 타이어 공기주입 작업에 관한 안전 기술지침
891,기계안전,2011-12-29,M,기계일반지침,79,2011,M-79-2011,양중설비의 관리에 관한 기술지침
892,기계안전,2011-12-29,M,기계일반지침,82,2011,M-82-2011,타워크레인의 설치?조립?해체작업에 관한 기술지침
893,기계안전,2011-12-29,M,기계일반지침,84,2011,M-84-2011,크레인작업시 수공구 사용에 관한 기술지침
894,기계안전,2011-12-29,M,기계일반지침,87,2011,M-87-2011,기계식 주차설비의 안전에 관한 기술지침
895,기계안전,2016-12-27,M,기계일반지침,89,2016,M-89-2016,타워크레인 접근통로 및 방책 설치에 관한 기술지침
896,기계안전,2011-12-29,M,기계일반지침,90,2011,M-90-2011,크레인 및 권상장치의 와이어로프 선정에 관한 기술지침
897,기계안전,2012-11-29,M,기계일반지침,91,2012,M-91-2012,타워크레인의 지지·고정 및 운전에 관한 기술지침 
898,기계안전,2013-11-25,M,기계일반지침,92,2013,M-92-2013,이동식 승강 테이블에 관한 기술지침(안)
899,기계안전,2011-12-29,M,기계일반지침,93,2011,M-93-2011,스태커에 관한 기술지침
900,기계안전,2011-12-29,M,기계일반지침,94,2011,M-94-2011,인조섬유 라운드슬링 사용에 관한 기술지침
901,기계안전,2012-06-20,M,기계일반지침,95,2012,M-95-2012,휴대용 동력드릴의 사용안전에 관한 기술지침
902,기계안전,2012-06-20,M,기계일반지침,96,2012,M-96-2012,선반방호조치에 관한 기술지침
903,기계안전,2012-06-20,M,기계일반지침,97,2012,M-97-2012,분상·입상 저장물의 저장설비에 관한 기술지침
904,기계안전,2012-06-20,M,기계일반지침,98,2012,M-98-2012,드릴기 방호조치에 관한 기술지침
905,기계안전,2012-06-20,M,기계일반지침,99,2012,M-99-2012,보링기 방호조치에 관한 기술지침
906,기계안전,2012-06-20,M,기계일반지침,101,2012,M-101-2012,컨베이어의 안전에 관한 기술지침
907,기계안전,2012-06-20,M,기계일반지침,102,2012,M-102-2012,회전기계의 안전덮개에 관한 기술기준
908,기계안전,2017-11-27,M,기계일반지침,103,2017,M-103-2017,공기압 시스템의 안전에 관한 기술지침
909,기계안전,2012-06-20,M,기계일반지침,104,2012,M-104-2012,위험동력기계의 관리에 관한 기술지침
910,기계안전,2012-06-20,M,기계일반지침,105,2012,M-105-2012,배관응력해석에 관한 기술지침
911,기계안전,2012-06-20,M,기계일반지침,107,2012,M-107-2012,압력용기 등의 초음파탐상 시험에 관한 기술지침
912,기계안전,2018-11-27,M,기계일반지침,108,2018,M-108-2018,화학설비의 설치에 관한 기술지침
913,기계안전,2012-06-20,M,기계일반지침,109,2012,M-109-2012,압력용기의 두께 감소에 따른 위험성 평가에 관한 기술지침
914,기계안전,2012-06-20,M,기계일반지침,110,2012,M-110-2012,회전기계의 진동감시 기술기준
915,기계안전,2015-12-07,M,기계일반지침,111,2015,M-111-2015,압력용기의 용접설계에 관한 기술지침
916,기계안전,2012-06-20,M,기계일반지침,112,2012,M-112-2012,배관지지물 설치 및 유지에 관한 기술지침
917,기계안전,2012-06-20,M,기계일반지침,113,2012,M-113-2012,압력용기 보수에 관한 기술지침
918,기계안전,2012-06-20,M,기계일반지침,114,2012,M-114-2012,윤활유 분석에 의한 고장진단 기술지침
919,기계안전,2013-11-25,M,기계일반지침,115,2013,M-115-2013,배관두께 계산 및 검사 기술지침(안)
920,기계안전,2012-06-20,M,기계일반지침,116,2012,M-116-2012,기기 및 배관의 부식관리 기술지침
921,기계안전,2016-12-27,M,기계일반지침,118,2016,M-118-2016,배관제작 및 설치에 관한 기술지침
922,기계안전,2012-06-20,M,기계일반지침,119,2012,M-119-2012,유해·위험물 취급용 플렉시블 호스의 사용안전에 관한 기술지침
923,기계안전,2012-06-20,M,기계일반지침,120,2012,M-120-2012,기계의 위험방지를 위한 신호체계에 관한 기술지침
924,기계안전,2012-06-20,M,기계일반지침,121,2012,M-121-2012,성능매개변수를 이용한 기계의 상태감시와 진단기술지침
925,기계안전,2012-06-20,M,기계일반지침,122,2012,M-122-2012,프레스 방호장치의 선정·설치 및 사용 기술지침
926,기계안전,2012-06-20,M,기계일반지침,123,2012,M-123-2012,기계류의 위험성 평가지침
927,기계안전,2012-06-20,M,기계일반지침,124,2012,M-124-2012,정련기 방호조치에 관한 기술지침
928,기계안전,2012-06-20,M,기계일반지침,125,2012,M-125-2012,혼합기의 안전작업에 관한 기술지침
929,기계안전,2013-11-30,M,기계일반지침,126,2013,M-126-2013,파쇄기의 방호조치에 관한 기술지침
930,기계안전,2012-06-20,M,기계일반지침,127,2012,M-127-2012,프레스의 등급에 따른 정비관리 지침
931,기계안전,2012-06-20,M,기계일반지침,128,2012,M-128-2012,시멘트 벽돌·블록 성형기의 방호조치에 관한 기술지침
932,기계안전,2013-11-30,M,기계일반지침,129,2013,M-129-2013,크레인 접근통로 설치 및 방호조치에 관한 기술지침
933,기계안전,2012-06-20,M,기계일반지침,130,2012,M-130-2012,시멘트용 벨트 콘베이어의 방호조치에 관한 기술지침
934,기계안전,2012-06-20,M,기계일반지침,131,2012,M-131-2012,기계의 결함진단을 위한 자료해석 기술지침
935,기계안전,2012-06-20,M,기계일반지침,132,2012,M-132-2012,스크루 컨베이어의 방호조치에 관한 기술지침
936,기계안전,2012-06-20,M,기계일반지침,133,2012,M-133-2012,농업기계의 안전에 관한 기술지침
937,기계안전,2012-06-20,M,기계일반지침,134,2012,M-134-2012,신선기의 재해 방지를 위한 방호조치 기술지침
938,기계안전,2023-08-24,M,기계일반지침,135,2023,M-135-2023,고무 또는 합성수지 가공용 롤러기 방호조치에 관한 기술지침
939,기계안전,2012-06-20,M,기계일반지침,136,2012,M-136-2012,리프트 피니언축 초음파탐상시험에 관한 기술지침
940,기계안전,2023-08-24,M,기계일반지침,137,2023,M-137-2023,기계의 제작·구매·사용 시 안전기준에 관한 기술지침
941,기계안전,2012-06-20,M,기계일반지침,138,2012,M-138-2012,프레스 금형작업의 안전에 관한 기술지침
942,기계안전,2012-06-20,M,기계일반지침,139,2012,M-139-2012,세라믹 바닥재의 미끄러짐 측정과 평가에 관한 기술지침
943,기계안전,2012-06-20,M,기계일반지침,140,2012,M-140-2012,프레스의 레이저방식 방호장치 설치에 관한 기술지침
944,기계안전,2012-06-20,M,기계일반지침,142,2012,M-142-2012,고압 금속 다이케스팅기의 안전작업에 관한 기술지침
945,기계안전,2012-06-20,M,기계일반지침,143,2012,M-143-2012,운전중인 배관의 검사기술지침
946,기계안전,2012-06-20,M,기계일반지침,144,2012,M-144-2012,회전기계 예비품관리에 관한 기술기준
947,기계안전,2012-06-20,M,기계일반지침,145,2012,M-145-2012,비상설비 구동용 엔진의 보수·유지에 관한 기술지침
948,기계안전,2012-06-20,M,기계일반지침,146,2012,M-146-2012,고령화 설비의 손상 평가와 수명예측에 관한 기술지침
949,기계안전,2012-06-20,M,기계일반지침,147,2012,M-147-2012,상압저장탱크의 검사변경 및 보수에 관한 기술지침
950,기계안전,2012-06-20,M,기계일반지침,148,2012,M-148-2012,기어 및 감속기의 유지보수에 관한 기술지침
951,기계안전,2012-06-20,M,기계일반지침,149,2012,M-149-2012,송풍기의 보수유지에 관한 기술지침
952,기계안전,2022-12-31,M,기계일반지침,150,2022,M-150-2022,불활성기체 등을 이용한 기밀시험 방법에 관한 기술지침
953,기계안전,2012-11-29,M,기계일반지침,152,2012,M-152-2012,주형 및 코어 제조기의 방호에 관한 기술지침
954,기계안전,2012-11-29,M,기계일반지침,153,2012,M-153-2012,가공목재 및 판재의 적재에 관한 안전기술지침
955,기계안전,2012-11-29,M,기계일반지침,154,2012,M-154-2012,유리섬유강화 플라스틱GRP) 탱크 제조에 관한 기술지침
956,기계안전,2023-08-24,M,기계일반지침,155,2023,M-155-2023,이동식 고소작업대의 선정과 안전관리에 관한 기술지침
957,기계안전,2012-11-29,M,기계일반지침,156,2012,M-156-2012,자동차 아래에서의 수리작업에 관한 안전기술지침
958,기계안전,2012-11-29,M,기계일반지침,157,2012,M-157-2012,배관 주요사고 대비 비상계획에 관한 기술지침
959,기계안전,2012-11-29,M,기계일반지침,158,2012,M-158-2012,팔레트의 안전사용에 관한 기술지침
960,기계안전,2012-11-29,M,기계일반지침,159,2012,M-159-2012,수목작업에서의 굴착기 안전작업에 관한 기술지침
961,기계안전,2023-08-24,M,기계일반지침,160,2023,M-160-2023,식품가공용 기계의 안전작업에 관한 기술지침
962,기계안전,2012-11-29,M,기계일반지침,161,2012,M-161-2012,식품 포장기계의 안전작업에 관한 기술지침
963,기계안전,2013-11-25,M,기계일반지침,162,2013,M-162-2013,양중기에 관한 일반 안전지침(안)
964,기계안전,2013-11-25,M,기계일반지침,163,2013,M-163-2013,LPG 연료 자동차의 작업안전에 관한 기술지침(안)
965,기계안전,2013-11-25,M,기계일반지침,164,2013,M-164-2013,생활폐기물 수거차량의 구조 등에 관한 기술지침(안)
966,기계안전,2013-11-25,M,기계일반지침,165,2013,M-165-2013,트랙터 안전 운전에 관한 기술지침(안)
967,기계안전,2013-11-25,M,기계일반지침,166,2013,M-166-2013,전지형 만능차(ATV)의 안전운전에 관한 기술지침(안)
968,기계안전,2013-11-25,M,기계일반지침,167,2013,M-167-2013,오토클레이브(Autoclave)에 관한 안전 기술지침(안)
969,기계안전,2013-11-30,M,기계일반지침,168,2013,M-168-2013,제지기계의 안전 사용에 관한 기술지침
970,기계안전,2013-11-30,M,기계일반지침,169,2013,M-169-2013,목재가공용 셰이퍼에 관한 안전 기술지침
971,기계안전,2013-11-30,M,기계일반지침,170,2013,M-170-2013,철강제품 적재에 관한 안전 기술지침
972,기계안전,2013-11-30,M,기계일반지침,171,2013,M-171-2013,자동차 정비용 리프트의 작업안전에 관한 기술지침
973,기계안전,2014-11-27,M,기계일반지침,172,2014,M-172-2014,목재 파쇄기 사용 시 안전에 관한 기술지침
974,기계안전,2014-11-27,M,기계일반지침,175,2014,M-175-2014,고온 염색기계 사용에 관한 안전 기술지침
975,기계안전,2014-11-27,M,기계일반지침,176,2014,M-176-2014,플라스틱 및 고무 절단기계 사용에 관한 안전 기술지침 
976,기계안전,2014-11-27,M,기계일반지침,177,2014,M-177-2014,스크랩 압축기계 사용에 관한 안전 기술지침
977,기계안전,2014-11-27,M,기계일반지침,178,2014,M-178-2014,베니어 절단기계 사용에 관한 안전 기술지침
978,기계안전,2014-11-27,M,기계일반지침,179,2014,M-179-2014,목재가공용 수동 둥근톱 기계 사용에 관한 안전 기술지침
979,기계안전,2023-08-24,M,기계일반지침,180,2023,M-180-2023,재단기 사용 시 안전에 관한 기술지침
980,기계안전,2014-11-27,M,기계일반지침,181,2014,M-181-2014,목재가공용 라우터 기계 사용에 관한 안전 기술지침
981,기계안전,2015-12-07,M,기계일반지침,182,2015,M-182-2015,유압절곡기 방호장치에 관한 기술지침
982,기계안전,2015-12-07,M,기계일반지침,183,2015,M-183-2015,골절기의 안전작업에 관한 기술지침
983,기계안전,2015-12-07,M,기계일반지침,184,2015,M-184-2015,압력용기 용접 후 열처리에 관한 기술지침
984,기계안전,2015-12-07,M,기계일반지침,185,2015,M-185-2015,지게차의 안전작업에 관한 기술지침
985,기계안전,2015-12-07,M,기계일반지침,186,2015,M-186-2015,크레인 달기기구 및 줄걸이 작업용 와이어로프의 작업에 관한 기술지침
986,기계안전,2016-12-27,M,기계일반지침,187,2016,M-187-2016,사출성형기 방호조치에 관한 기술지침
987,기계안전,2015-12-07,M,기계일반지침,188,2015,M-188-2015,농업용 기계의 안전작업에 관한 기술지침
988,기계안전,2015-12-07,M,기계일반지침,189,2015,M-189-2015,휴대형 연삭기 안전작업에 관한 기술지침
989,기계안전,2015-12-07,M,기계일반지침,190,2015,M-190-2015,연삭기 안전작업에 관한 기술지침
990,기계안전,2017-11-27,M,기계일반지침,191,2017,M-191-2017,안전제어시스템 설계를 위한 평균위험고장시간(MTTFd)계산지침
991,기계안전,2017-11-27,M,기계일반지침,192,2017,M-192-2017,기계안전을위한 제어시스템의 안전관련부품류 설계 기술지침
992,기계안전,2020-12-03,M,기계일반지침,193,2020,M-193-2020,인쇄기의 안전작업에 관한 기술지침
993,기계안전,2011-12-29,O,점검·정비·유지관리지침,1,2011,O-1-2011,설비보수용 용접재료 선정에 관한 기술지침
994,기계안전,2023-08-24,O,점검·정비·유지관리지침,2,2023,O-2-2023,볼트·너트의 선정 및 체결에 관한 기술지침
995,전기안전,2011-12-29,O,점검·정비·유지관리지침,3,2011,O-3-2011,전기설비의 정비를 위한 일반 기술지침
996,화학안전,2011-12-29,O,점검·정비·유지관리지침,4,2011,O-4-2011,화학공장의 정비?보수에 관한 안전관리지침
997,화학안전,2012-07-18,P,공정안전지침,1,2012,P-1-2012,공기를 이용한 가연성 물질의 안전운송에 관한 기술지침
998,화학안전,2012-07-18,P,공정안전지침,2,2012,P-2-2012,저장탱크 과충전방지에 관한 기술지침
999,화학안전,2012-07-18,P,공정안전지침,3,2012,P-3-2012,소형탱크 세정작업을 위한 안전에 관한 기술지침
1000,화학안전,2012-07-18,P,공정안전지침,4,2012,P-4-2012,공장건물의 위험관리에 관한 기술지침
1001,화학안전,2012-07-18,P,공정안전지침,5,2012,P-5-2012,인쇄공정에서 유기용제의 화재폭발 위험 관리에 관한 기술지침
1002,화학안전,2011-12-29,P,공정안전지침,6,2011,P-6-2011,인화성 액체의 분무공정에서 화재·폭발 예방에 관한 가이드
1003,화학안전,2011-12-29,P,공정안전지침,7,2011,P-7-2011,이동식 인화성 액체 저장용기의 안전에 관한 가이드
1004,화학안전,2012-07-18,P,공정안전지침,8,2012,P-8-2012,위험성평가 실시를 위한 우선순위 결정 기술지침
1005,화학안전,2012-07-18,P,공정안전지침,9,2012,P-9-2012,PVC 제조공정의 화재폭발 위험성평가 및 비상조치 기술지침
1006,화학안전,2012-07-18,P,공정안전지침,10,2012,P-10-2012,소형 염소설비의 안전작업 기술지침
1007,화학안전,2012-07-18,P,공정안전지침,11,2012,P-11-2012,발포 폴리스티렌의 취급시 화재예방 기술지침
1008,화학안전,2012-07-18,P,공정안전지침,12,2012,P-12-2012,전자산업에서의 특수가스 취급 안전 기술지침
1009,화학안전,2012-07-18,P,공정안전지침,14,2012,P-14-2012,FRP 제조시 화재폭발 위험관리 기술지침
1010,화학안전,2012-07-18,P,공정안전지침,15,2012,P-15-2012,위험기반검사(RBI)기법에 의한 설비의 신뢰성 향상 기술지침
1011,화학안전,2012-07-18,P,공정안전지침,16,2012,P-16-2012,반도체 제조설비 화재 방지 및 방호 기술지침
1012,화학안전,2012-07-18,P,공정안전지침,17,2012,P-17-2012,침지탱크의 작업안전 관리 기술지침
1013,화학안전,2012-07-18,P,공정안전지침,18,2012,P-18-2012,인화성 물질의 누출에 대한 안전조치 기술지침
1014,화학안전,2017-11-27,P,공정안전지침,19,2017,P-19-2017,공정안전문화 향상에 관한 기술지침
1015,화학안전,2012-07-18,P,공정안전지침,20,2012,P-20-2012,회분식공정의 인적오류 사고방지 기술지침
1016,화학안전,2010-08-31,P,공정안전지침,21,2010,P-21-2010,불산 취급공정의 안전에 관한 기술지침
1017,화학안전,2012-07-18,P,공정안전지침,22,2012,P-22-2012,드라이크리닝 공정의 안전관리 기술지침
1018,화학안전,2012-07-18,P,공정안전지침,23,2012,P-23-2012,연료가스 배관의 사용전 작업의 위험관리에 관한 기술지침
1019,화학안전,2012-07-18,P,공정안전지침,24,2012,P-24-2012,탄화수소 상압저장탱크의 연마작업시 폭발방지를 위한 안전작업 기술지침
1020,화학안전,2012-07-18,P,공정안전지침,25,2012,P-25-2012,화재방지를 위한 방화벽 및 방화방벽 설치에 관한 기술지침
1021,화학안전,2012-07-18,P,공정안전지침,26,2012,P-26-2012,인화성 액체의 혼합작업에 관한 기술지침
1022,화학안전,2012-07-18,P,공정안전지침,27,2012,P-27-2012,폐용제 회수작업에 관한 기술지침
1023,화학안전,2012-07-18,P,공정안전지침,28,2012,P-28-2012,선박용기에서 가스위험 제어를 위한 안전관리 기술지침
1024,화학안전,2021-12-01,P,공정안전지침,30,2021,P-30-2021,수소충전소의 안전에 관한 기술지침
1025,화학안전,2012-07-18,P,공정안전지침,31,2012,P-31-2012,인화성 액체 이송용 탱크차량의 안전에 관한 기술지침
1026,화학안전,2012-07-18,P,공정안전지침,32,2012,P-32-2012,산소공급설비의 안전기술지침
1027,화학안전,2012-07-18,P,공정안전지침,33,2012,P-33-2012,건조염소 배관시스템에 관한 기술지침
1028,화학안전,2012-07-18,P,공정안전지침,34,2012,P-34-2012,인화성 액체 드럼 보관장소의 화재예방에 관한 기술지침 
1029,화학안전,2012-07-18,P,공정안전지침,35,2012,P-35-2012,소규모 사업장의 화기작업 안전에 관한 기술지침
1030,화학안전,2012-07-18,P,공정안전지침,36,2012,P-36-2012,펄프.지류 제조업의 안전관리에 관한 기술지침
1031,화학안전,2012-07-18,P,공정안전지침,37,2012,P-37-2012,인화성 잔류물이 있는 탱크의 청소 및 가스제거에 관한 기술지침
1032,화학안전,2012-07-18,P,공정안전지침,38,2012,P-38-2012,발열 화학반응의 위험에 관한 일반안전 기술지침
1033,화학안전,2012-07-18,P,공정안전지침,39,2012,P-39-2012,위험물질의 운송사고시 비상대응에 관한 기술지침
1034,화학안전,2012-07-18,P,공정안전지침,40,2012,P-40-2012,공정안전 성과지표 작성에 관한 기술지침
1035,화학안전,2015-12-07,P,공정안전지침,41,2015,P-41-2015,분진 폭발방지를 위한 폭연 방출구 설치방법에 관한 기술지침
1036,화학안전,2012-07-18,P,공정안전지침,42,2012,P-42-2012,주정 증류공정의 안전에 관한 기술지침
1037,화학안전,2012-07-18,P,공정안전지침,43,2012,P-43-2012,화학설비의 소방용수 산출 및 소방펌프 유지관리에 관한 기술지침
1038,화학안전,2012-07-18,P,공정안전지침,44,2012,P-44-2012,장난감용 꽃불 안전 저장 및 취급에 관한 기술지침
1039,화학안전,2012-07-18,P,공정안전지침,45,2012,P-45-2012,산화성 액체 및 고체의 안전관리에 관한 기술지침
1040,화학안전,2012-07-18,P,공정안전지침,46,2012,P-46-2012,클린룸의 안전관리에 관한 기술지침
1041,화학안전,2021-12-01,P,공정안전지침,47,2021,P-47-2021,자동차용 수소연료전지 시스템의 안전에 관한 기술지침
1042,화학안전,2012-07-18,P,공정안전지침,48,2012,P-48-2012,압축가스 실린더의 압력방출장치에 관한 기술지침
1043,화학안전,2012-07-18,P,공정안전지침,49,2012,P-49-2012,분진폭발위험이 있는 설비의 공정시스템 선정에 관한 기술지침
1044,화학안전,2012-07-18,P,공정안전지침,50,2012,P-50-2012,유해 폐기물 취급 및 비상대응에 관한 기술지침
1045,화학안전,2023-08-24,P,공정안전지침,51,2023,P-51-2023,경고표지를 이용한 화학물질 관리에 관한 기술지침
1046,화학안전,2012-07-18,P,공정안전지침,52,2012,P-52-2012,공장 및 장치의 안전격리에 관한 기술지침
1047,화학안전,2012-07-18,P,공정안전지침,53,2012,P-53-2012,발열반응 공정의 사고 예방 및 방호에 관한 기술지침
1048,화학안전,2012-07-18,P,공정안전지침,54,2012,P-54-2012,아세틸렌 제조 및 충전 공정의 안전관리에 관한 기술지침
1049,화학안전,2012-07-18,P,공정안전지침,55,2012,P-55-2012,황을 사용하는 공정의 화재 및 폭발 방지에 관한 기술지침
1050,산업안전일반,2012-06-20,P,공정안전지침,56,2012,P-56-2012,발포플라스틱의 보관 시 화재예방 기술지침
1051,화학안전,2012-07-18,P,공정안전지침,57,2012,P-57-2012,사업장의 방화문 및 내화창 안전관리 기술지침
1052,화학안전,2012-07-18,P,공정안전지침,58,2012,P-58-2012,위험물질 사고대응에 관한 기술지침
1053,화학안전,2012-07-18,P,공정안전지침,59,2012,P-59-2012,염산 및 질산의 탱크 저장에 관한 기술지침
1054,화학안전,2012-07-18,P,공정안전지침,60,2012,P-60-2012,암모니아 냉매설비의 안전관리 기술지침
1055,화학안전,2012-07-18,P,공정안전지침,61,2012,P-61-2012,지하매설 저장탱크의 안전진입에 관한 기술지침
1056,화학안전,2012-07-18,P,공정안전지침,62,2012,P-62-2012,유기도료 제조설비의 안전관리 기술지침
1057,화학안전,2012-07-18,P,공정안전지침,63,2012,P-63-2012,공기조화 및 환기설비의 안전관리 기술지침
1058,화학안전,2012-07-18,P,공정안전지침,64,2012,P-64-2012,정유 및 석유화학 공정에서 황화철 취급에 관한 안전관리 기술지침
1059,화학안전,2012-07-18,P,공정안전지침,65,2012,P-65-2012,폭주반응에 대비한 파열판 크기 산출에 관한 기술지침
1060,화학안전,2021-12-01,P,공정안전지침,66,2021,P-66-2021,연소 소각법에 의한 휘발성 유기 화합물(VOC) 처리설비의 기술지침
1061,화학안전,2012-07-18,P,공정안전지침,67,2012,P-67-2012,폭주반응 예방을 위한 열적위험성 평가에 관한 기술지침
1062,화학안전,2012-07-18,P,공정안전지침,68,2012,P-68-2012,알루미늄 분진의 폭발방지에 관한 기술지침
1063,화학안전,2012-07-18,P,공정안전지침,69,2012,P-69-2012,화학공정 설비의 운전 및 작업에 관한 안전관리 기술지침
1064,화학안전,2019-12-24,P,공정안전지침,70,2019,P-70-2019,화염방지기 설치 등에 관한 기술지침
1065,화학안전,2012-07-18,P,공정안전지침,71,2012,P-71-2012,건조설비설치에 관한 기술지침
1066,화학안전,2011-12-26,P,공정안전지침,72,2011,P-72-2011,옥외 꽃불공연에 관한 안전기술지침
1067,화학안전,2011-12-26,P,공정안전지침,73,2011,P-73-2011,사업장 소방대의 안전활동 기준에 관한 기술지침
1068,화학안전,2011-12-26,P,공정안전지침,74,2011,P-74-2011,포장된 위험물의 창고저장에 관한 기술지침
1069,화학안전,2011-12-26,P,공정안전지침,75,2011,P-75-2011,인화성액체의 안전한 사용 및 취급에 관한 기술지침
1070,화학안전,2011-12-26,P,공정안전지침,76,2011,P-76-2011,화학물질을 사용하는 실험실 내의 작업 및 설비안전 기술지침
1071,화학안전,2011-12-26,P,공정안전지침,77,2011,P-77-2011,원격차단밸브의 선정 및 설치에 관한 기술지침
1072,화학안전,2011-12-26,P,공정안전지침,78,2011,P-78-2011,정유 및 석유화학 공정의 핵심성과지표 활용에 관한 기술지침
1073,리스크관리,2011-12-29,P,공정안전지침,79,2011,P-79-2011,기계공장에 대한 위험과 운전분석기법(M-HAZOP)
1074,화학안전,2022-12-31,P,공정안전지침,80,2022,P-80-2022,불활성가스 치환에 관한 기술지침
1075,화학안전,2023-08-24,P,공정안전지침,81,2023,P-81-2023,위험성평가에서의 체크리스트 기법에 관한 기술지침
1076,화학안전,2023-08-24,P,공정안전지침,82,2023,P-82-2023,연속공정의 위험과 운전분석 기법에 관한 기술지침
1077,화학안전,2021-12-31,P,공정안전지침,83,2021,P-83-2021,사고예상 질문분석(WHAT-IF) 기법에 관한 기술지침
1078,화학안전,2021-12-31,P,공정안전지침,84,2021,P-84-2021,결함수 분석기법
1079,화학안전,2021-12-31,P,공정안전지침,85,2021,P-85-2021,이상위험도 분석기법 기술지침
1080,화학안전,2017-05-22,P,공정안전지침,86,2017,P-86-2017,회분식 공정에 대한 위험과 운전분석(HAZOP)기법에 관한 기술지침
1081,화학안전,2021-12-31,P,공정안전지침,87,2021,P-87-2021,사건수 분석기법에 관한 기술지침
1082,화학안전,2023-08-24,P,공정안전지침,88,2023,P-88-2023,사고피해영향 평가에 관한 기술지침
1083,화학안전,2023-08-24,P,공정안전지침,89,2023,P-89-2023,회분식공정의 안전운전지침
1084,화학안전,2023-08-24,P,공정안전지침,90,2023,P-90-2023,작업자 실수분석 기법에 관한 기술지침
1085,화학안전,2023-08-24,P,공정안전지침,91,2023,P-91-2023,화학물질폭로영향지수(CEI) 산정지침
1086,화학안전,2023-08-24,P,공정안전지침,92,2023,P-92-2023,누출원 모델링에 관한 기술지침
1087,화학안전,2020-12-29,P,공정안전지침,93,2020,P-93-2020,유해위험설비의 점검·정비·유지관리 지침
1088,화학안전,2021-12-31,P,공정안전지침,94,2021,P-94-2021,안전작업 허가지침
1089,화학안전,2016-11-30,P,공정안전지침,95,2016,P-95-2016,도급업체의 안전관리계획 작성에 관한 기술지침
1090,화학안전,2020-12-29,P,공정안전지침,96,2020,P-96-2020,공정안전에 관한 근로자 교육훈련 지침
1091,화학안전,2023-08-24,P,공정안전지침,97,2023,P-97-2023,가동전 안전점검에 관한 기술지침
1092,화학안전,2017-10-31,P,공정안전지침,98,2017,P-98-2017,변경요소 관리에 관한 기술지침
1093,화학안전,2023-08-24,P,공정안전지침,99,2023,P-99-2023,자체감사에 관한 기술지침
1094,화학안전,2023-08-24,P,공정안전지침,100,2023,P-100-2023,공정사고 조사계획 및 시행 기술지침
1095,화학안전,2023-08-24,P,공정안전지침,101,2023,P-101-2023,비상조치계획 수립에 관한 지침
1096,화학안전,2021-12-31,P,공정안전지침,102,2021,P-102-2021,사고 피해예측 기법에 관한 기술지침
1097,화학안전,2023-08-24,P,공정안전지침,103,2023,P-103-2023,위험도 계산카드 사용기법에 관한 기술지침
1098,화학안전,2012-07-18,P,공정안전지침,104,2012,P-104-2012,휘발성 유기화합물(VOC)처리에 관한 기술지침
1099,화학안전,2017-05-22,P,공정안전지침,105,2017,P-105-2017,자체감사 점검표 작성에 관한 기술지침
1100,화학안전,2016-11-30,P,공정안전지침,106,2016,P-106-2016,중대산업사고 조사에 관한 기술지침
1101,화학안전,2020-12-29,P,공정안전지침,107,2020,P-107-2020,최악 및 대안의 사고 시나리오 선정에 관한 기술지침
1102,화학안전,2023-08-24,P,공정안전지침,108,2023,P-108-2023,안전운전절차서 작성에 관한 기술지침
1103,화학안전,2012-07-18,P,공정안전지침,109,2012,P-109-2012,유기과산화물 및 그 제제의 저장에 관한 기술지침
1104,화학안전,2023-08-24,P,공정안전지침,110,2023,P-110-2023,화학공장의 피해최소화 대책수립에 관한 기술지침
1105,화학안전,2021-12-31,P,공정안전지침,111,2021,P-111-2021,공정안전성분석(K-PSR) 기법에 관한 기술지침
1106,화학안전,2014-07-21,P,공정안전지침,112,2014,P-112-2014,마그네슘 분진폭발 예방에 관한 기술지침
1107,화학안전,2023-08-24,P,공정안전지침,113,2023,P-113-2023,방호계층분석기법(LOPA)에 관한 기술지침
1108,화학안전,2020-12-29,P,공정안전지침,114,2020,P-114-2020,화학설비 및 부속설비에서 정전기의 계측·제어에 관한 기술지침
1109,화학안전,2012-08-27,P,공정안전지침,115,2012,P-115-2012,정유 및 석유화학 공장의 소방설비에 관한 기술지침
1110,화학안전,2012-08-27,P,공정안전지침,116,2012,P-116-2012,경보시스템의 효율적인 관리에 관한 기술지침
1111,화학안전,2012-08-27,P,공정안전지침,117,2012,P-117-2012,"화학보호의의 선정, 사용 및 유지에 관한 기술지침"
1112,화학안전,2012-11-29,P,공정안전지침,118,2012,P-118-2012,체크리스트를 활용한 공정안전지침
1113,화학안전,2012-11-29,P,공정안전지침,119,2012,P-119-2012,노후설비의 관리에 관한 기술지침
1114,화학안전,2012-11-29,P,공정안전지침,120,2012,P-120-2012,설계 및 재설계 과정에서의 재해예방 기술지침
1115,화학안전,2012-11-29,P,공정안전지침,121,2012,P-121-2012,공기분리설비의 안전설계 및 운전에 관한 기술지침
1116,화학안전,2012-11-29,P,공정안전지침,122,2012,P-122-2012,반도체 공정에서 가스를 취급하는 벌크시스템의 안전에 관한 기술지침
1117,화학안전,2012-11-29,P,공정안전지침,123,2012,P-123-2012,공업용 가열로의 안전에 관한 기술지침
1118,화학안전,2012-11-29,P,공정안전지침,124,2012,P-124-2012,파열판 점검 및 교환 등에 관한 기술지침
1119,화학안전,2012-11-29,P,공정안전지침,126,2012,P-126-2012,이황화탄소 드럼작업에 관한 기술지침
1120,화학안전,2012-11-29,P,공정안전지침,127,2012,P-127-2012,반도체 제조공정의 안전작업에 관한 기술지침
1121,화학안전,2012-11-29,P,공정안전지침,128,2012,P-128-2012,금속분진 취급 공정의 화재폭발예방에 관한 기술지침
1122,화학안전,2013-07-19,P,공정안전지침,129,2013,P-129-2013,화학공장 계측기의 관리 및 점검에 관한 기술지침
1123,화학안전,2013-07-19,P,공정안전지침,130,2013,P-130-2013,화학설비 고장율 산출기준에 관한 기술지침
1124,화학안전,2013-07-19,P,공정안전지침,131,2013,P-131-2013,화학공정에서의 분진폭발 방지에 관한 기술지침
1125,화학안전,2013-07-19,P,공정안전지침,132,2013,P-132-2013,화학공장의 혼합공정에서 화재 및 폭발 예방에 관한 기술지침
1126,화학안전,2013-10-02,P,공정안전지침,133,2013,P-133-2013,화학공장의 인터록 관리에 관한 기술지침
1127,화학안전,2013-10-02,P,공정안전지침,134,2013,P-134-2013,설비 배치에 관한 기술지침-제정
1128,화학안전,2018-06-26,P,공정안전지침,137,2018,P-137-2018,산소 검지 및 경보장치 등의 설치 및 유지보수에 관한 기술지침
1129,화학안전,2013-11-25,P,공정안전지침,138,2013,P-138-2013,산소 과잉 분위기의 화재위험성 및 방지대책에 관한 기술지침
1130,화학안전,2013-11-25,P,공정안전지침,139,2013,P-139-2013,가스용기의 비상조치방법에 관한 기술지침
1131,화학안전,2020-12-29,P,공정안전지침,140,2020,P-140-2020,작업위험성평가에 관한 기술지침
1132,화학안전,2014-07-21,P,공정안전지침,141,2014,P-141-2014,산화에틸렌 취급설비의 안전에 관한 기술지침
1133,화학안전,2014-07-21,P,공정안전지침,142,2014,P-142-2014,히드록실아민 등의 화재·폭발 예방에 관한 기술지침
1134,기계안전,2014-11-24,P,공정안전지침,143,2014,P-143-2014,용해로의 설치 및 유지보수에 관한 기술지침
1135,화학안전,2014-11-24,P,공정안전지침,144,2014,P-144-2014,농산물 및 식료품 공정의 분진 화재·폭발예방에 관한 기술지침
1136,화학안전,2015-12-07,P,공정안전지침,145,2015,P-145-2015,화학공장 도급업체 자율안전관리에 관한 기술지침
1137,화학안전,2015-12-07,P,공정안전지침,146,2015,P-146-2015,소규모 화학공장의 비상조치계획 수립에 관한 기술지침
1138,화학안전,2015-12-07,P,공정안전지침,148,2015,P-148-2015,화학공장 폐수 집수조의 안전조치에 관한 기술지침
1139,화학안전,2016-06-30,P,공정안전지침,149,2016,P-149-2016,저장캐비닛의 가스 실린더 보관에 관한 기술지침
1140,화학안전,2016-11-30,P,공정안전지침,150,2016,P-150-2016,유해위험공간의 안전에 관한 기술지침
1141,화학안전,2016-11-30,P,공정안전지침,151,2016,P-151-2016,사고의 근본원인 분석(Root Cause Analysis) 기법에 관한 기술지침
1142,화학안전,2016-12-19,P,공정안전지침,152,2016,P-152-2016,화학물질 취급 사업장에서의 보안 취약성평가에 관한 기술지침
1143,화학안전,2016-12-19,P,공정안전지침,153,2016,P-153-2016,독성가스 취급시설 등의 안전관리에 관한 기술지침
1144,화학안전,2016-12-19,P,공정안전지침,154,2016,P-154-2016,정비보수작업계획서 작성에 관한 기술지침
1145,화학안전,2017-05-22,P,공정안전지침,155,2017,P-155-2017,공정안전보고서 등의 통합서식 작성방법에 관한 기술지침
1146,화학안전,2017-05-22,P,공정안전지침,156,2017,P-156-2017,하수슬러지 탄화공정의 안전작업에 관한 기술지침
1147,화학안전,2017-10-11,P,공정안전지침,157,2017,P-157-2017,정기적인 공정위험성평가에 관한 기술지침
1148,화학안전,2017-10-31,P,공정안전지침,158,2017,P-158-2017,장거리 이송배관 안전관리에 관한 기술지침
1149,화학안전,2017-10-31,P,공정안전지침,159,2017,P-159-2017,산소 및 불활성 기체의 대기벤트 설계에 대한 기술지침
1150,화학안전,2017-10-31,P,공정안전지침,160,2017,P-160-2017,니트로셀룰로오스의 저장 및 취급에 관한 기술지침
1151,화학안전,2017-10-31,P,공정안전지침,161,2017,P-161-2017,폐용제 정제공정의 안전에 관한 기술지침
1152,화학안전,2017-10-31,P,공정안전지침,162,2017,P-162-2017,정유 및 석유화학산업의 고정식 물분무설비(Water spray system)의 설계 등에 관한 기술지침
1153,화학안전,2017-10-31,P,공정안전지침,163,2017,P-163-2017,사고시나리오에 따른 비상대응계획 작성에 관한 기술지침
1154,화학안전,2018-06-26,P,공정안전지침,164,2018,P-164-2018,연구실험용 파일럿플랜트(Pilot plant)의 안전에 관한 기술지침
1155,화학안전,2019-12-24,P,공정안전지침,165,2019,P-165-2019,인화성물질 상압저장탱크의 안전작업에 관한 기술지침
1156,화학안전,2020-12-29,P,공정안전지침,166,2020,P-166-2020,가스누출감지경보기 등의 설치 및 유지보수에 관한 기술지침
1157,화학안전,2020-12-29,P,공정안전지침,167,2020,P-167-2020,화학물질의 취급 및 시료채취 등에 관한 기술지침
1158,화학안전,2021-12-31,P,공정안전지침,168,2021,P-168-2021,화학설비의 부식 위험성평가에 관한 기술지침
1159,화학안전,2020-12-29,P,공정안전지침,169,2020,P-169-2020,화학설비의 건전성 모니터링에 관한 기술지침
1160,화학안전,2021-12-01,P,공정안전지침,170,2021,P-170-2021,산소 배관 및 배관설비에 관한 기술지침
1161,화학안전,2021-12-01,P,공정안전지침,171,2021,P-171-2021,자동버너 제어설비의 안전에 관한 기술지침
1162,화학안전,2021-12-01,P,공정안전지침,172,2021,P-172-2021,PSM 시스템의 효과적인 운전 규범에 관한 기술지침
1163,화학안전,2021-12-01,P,공정안전지침,173,2021,P-173-2021,수소 취급설비의 안전에 관한 기술지침
1164,화학안전,2021-12-01,P,공정안전지침,174,2021,P-174-2021,정유시설의 안전 운영에 관한 일반적인 위험관리에 대한 기술지침
1165,화학안전,2021-12-31,P,공정안전지침,175,2021,P-175-2021,화학설비의 부식 관리문서 개발에 관한 기술지침
1166,화학안전,2021-12-31,P,공정안전지침,176,2021,P-176-2021,사업장 인수합병을 위한 공정안전평가에 관한 기술지침
1167,화학안전,2022-12-31,P,공정안전지침,177,2022,P-177-2022,상대위험순위결정(Dow and Mond Indices)기법에 관한 기술지침
1168,화학안전,2022-12-31,P,공정안전지침,178,2022,P-178-2022,수소 분리 및 정제를 위한 압력변환흡착(PSA) 시스템의 안전에 관한 기술지침
1169,화학안전,2022-12-31,P,공정안전지침,179,2022,P-179-2022,혼합가스의 폭발성 여부 판정 및 폭발하한계 산정에 관한 기술지침
1170,화학안전,2023-08-24,P,공정안전지침,180,2023,P-180-2023,폐합성수지 열분해 공정의 안전관리에 관한 기술지침
1171,산업독성,2021-10-01,T,산업독성지침,1,2021,T-1-2021,화학물질의 급성 피부자극성/부식성시험 기술지침
1172,산업독성,2023-08-24,T,산업독성지침,2,2023,T-2-2023,화학물질의 아급성 독성시험 기술지침
1173,산업독성,2015-09-03,T,산업독성지침,3,2015,T-3-2015,제조나노물질의 건강유해성시험 시료의 적정용량 조제를 위한 해설지침
1174,산업독성,2022-12-31,T,산업독성지침,4,2022,T-4-2022,화학물질의 90일 반복흡입독성시험 기술지침
1175,산업독성,2017-10-24,T,산업독성지침,5,2017,T-5-2017,화학물질의 태자발달 독성시험 기술지침
1176,산업독성,2017-10-24,T,산업독성지침,6,2017,T-6-2017,화학물질의 생식 및 발생독성 스크리닝시험 기술지침
1177,산업독성,2020-12-29,T,산업독성지침,7,2020,T-7-2020,화학물질의 시험관내 포유류 세포 소핵시험 기술지침
1178,산업독성,2021-12-31,T,산업독성지침,8,2021,T-8-2021,화학물질의 시험관내 포유류 세포 유전자 돌연변이시험 지침
1179,산업독성,2016-10-31,T,산업독성지침,9,2016,T-9-2016,생체시료 중 석면소체 및 석면섬유 분석 지침
1180,산업독성,2021-10-01,T,산업독성지침,10,2021,T-10-2021,신규화학물질의 유해성·위험성 조사 및 검토지침
1181,산업독성,2018-10-11,T,산업독성지침,11,2018,T-11-2018,화학물질의 독성시험을 위한 동물시험 윤리위원회 운영 지침
1182,산업독성,2022-12-31,T,산업독성지침,12,2022,T-12-2022,실험동물 관리 지침 
1183,산업독성,2020-12-29,T,산업독성지침,13,2020,T-13-2020,동물실험 계획의 심의 지침
1184,산업독성,2017-10-24,T,산업독성지침,14,2017,T-14-2017,산업화학물질의 혼합 만성독성/발암성 시험 지침
1185,산업독성,2020-12-29,T,산업독성지침,15,2020,T-15-2020,물질안전보건자료에서의 예방조치 문구 적용에 관한 지침
1186,산업독성,2021-10-01,T,산업독성지침,16,2021,T-16-2021,화학물질 유전독성 평가를 위한 단세포 겔 전기영동시험 지침
1187,산업독성,2021-10-01,T,산업독성지침,17,2021,T-17-2021,화학물질의 유전독성 평가를 위한 포유류 골수세포 염색체이상시험 지침
1188,산업독성,2020-12-29,T,산업독성지침,18,2020,T-18-2020,화학물질의 급성흡입독성시험(독성등급법) 기술지침
1189,산업독성,2020-12-29,T,산업독성지침,19,2020,T-19-2020,화학물질의 고정용량법에 의한 급성경구독성시험 기술지침
1190,산업독성,2020-12-29,T,산업독성지침,20,2020,T-20-2020,화학물질의 급성 눈 부식성 및 자극성 시험 기술지침
1191,산업독성,2017-10-24,T,산업독성지침,21,2017,T-21-2017,화학물질의 생식능 및 차세대 영향시험 기술지침
1192,산업독성,2021-10-01,T,산업독성지침,22,2021,T-22-2021,화학물질의 유전독성 평가를 위한 설치류 우성치사시험 지침
1193,산업독성,2021-10-01,T,산업독성지침,23,2021,T-23-2021,화학물질의 유전독성 평가를 위한 포유류 정원세포 염색체이상시험 지침
1194,산업독성,2017-10-24,T,산업독성지침,24,2017,T-24-2017,화학물질의 피부감작성 평가를 위한 국소림프절시험 지침
1195,산업독성,2021-12-31,T,산업독성지침,25,2021,T-25-2021,시험동물 조직의 전처리 및 포매 지침
1196,산업독성,2023-08-24,T,산업독성지침,26,2023,T-26-2023,실험동물의 부검 절차 및 육안 소견 기술을 위한 지침
1197,산업독성,2022-12-31,T,산업독성지침,27,2022,T-27-2022,실험동물 조직의 삭정을 위한 기술지침
1198,산업독성,2018-10-11,T,산업독성지침,28,2018,T-28-2018,화학물질의 급성흡입독성시험(고정농도법) 지침
1199,산업독성,2018-10-11,T,산업독성지침,29,2018,T-29-2018,Hprt 및 Xprt 유전자를 이용한 화학물질의 시험관내 포유류 세포 유전자 변이시험지침
1200,산업독성,2022-12-31,T,산업독성지침,30,2022,T-30-2022,화학물질의 28일 반복흡입독성시험 기술지침
1201,산업독성,2021-12-31,T,산업독성지침,31,2021,T-31-2021,시험동물 조직의 박절 및 염색 지침
1202,산업독성,2021-12-31,T,산업독성지침,32,2021,T-32-2021,시험동물의 기관지.폐포 세척액 검사 지침
1203,산업독성,2023-08-24,T,산업독성지침,33,2023,T-33-2023,화학물질 독성발현경로(AOP)의 개발 및 이해에 관한 지침
1204,산업위생,2019-12-24,W,작업환경 관리지침,1,2019,W-1-2019,산업환기설비에 관한 기술지침
1205,산업독성,2021-10-01,W,작업환경 관리지침,2,2021,W-2-2021,물질안전보건자료의 신뢰성 평가 지침
1206,산업위생,2021-10-01,W,작업환경 관리지침,3,2021,W-3-2021,"생물안전 1,2등급 실험실 안전보건에 관한 기술지침"
1207,산업독성,2021-12-31,W,작업환경 관리지침,4,2021,W-4-2021,화학물질의 만성독성시험 기술지침
1208,산업독성,2021-10-01,W,작업환경 관리지침,5,2021,W-5-2021,화학물질의 독성등급법에 의한 급성경구독성시험에 관한 기술지침
1209,산업독성,2021-10-01,W,작업환경 관리지침,6,2021,W-6-2021,화학물질의 유해성?위험성 평가 지침
1210,산업독성,2021-10-01,W,작업환경 관리지침,7,2021,W-7-2021,화학물질의 피부부식 대체시험 기술지침
1211,산업독성,2021-10-01,W,작업환경 관리지침,8,2021,W-8-2021,화학물질의 금성흡입독성시험 기술지침
1212,산업독성,2021-10-01,W,작업환경 관리지침,9,2021,W-9-2021,화학물질의 피부과민성시험 기술지침
1213,산업독성,2023-08-24,W,작업환경 관리지침,10,2023,W-10-2023,화학물질의 발암성시험 기술지침
1214,산업위생,2017-11-27,W,작업환경 관리지침,12,2017,W-12-2017,고열작업환경 관리지침
1215,산업위생,2012-06-20,W,작업환경 관리지침,13,2012,W-13-2012,폐기물 소각시설의 작업관리 지침
1216,산업독성,2022-12-31,W,작업환경 관리지침,14,2022,W-14-2022,경고표지 작성 지침
1217,산업독성,2020-12-29,W,작업환경 관리지침,15,2020,W-15-2020,물질안전보건자료 작성 지침
1218,산업독성,2020-12-29,W,작업환경 관리지침,16,2020,W-16-2020,"화학물질의 유해성,위험성 분류 지침"
1219,산업위생,2015-09-03,W,작업환경 관리지침,17,2015,W-17-2015,한랭작업환경 관리 지침
1220,산업위생,2012-06-20,W,작업환경 관리지침,19,2012,W-19-2012,농약방제작업 근로자 안전보건에 관한 기술지침
1221,산업위생,2012-06-20,W,작업환경 관리지침,20,2012,W-20-2012,나노물질 제조·취급 근로자 안전보건에 관한 기술지침
1222,산업위생,2019-12-24,W,작업환경 관리지침,21,2019,W-21-2019,생물안전 3등급 실험실의 안전보건에 관한 기술지침
1223,산업보건일반,2016-12-27,W,작업환경 관리지침,22,2016,W-22-2016,비전리전자기파 측정 및 평가에 관한 지침
1224,산업보건일반,2016-12-27,W,작업환경 관리지침,23,2016,W-23-2016,작업장에서의 소음측정 및 평가방법
1225,산업위생,2017-11-27,W,작업환경 관리지침,24,2017,W-24-2017,공기 중 제조나노물질의 노출평가에 대한 기술지침
1226,산업위생,2017-11-27,W,작업환경 관리지침,25,2017,W-25-2017,탄소나노튜브 취급 작업환경 노출농도 관리지침
1227,산업위생,2023-08-24,W,작업환경 관리지침,26,2023,W-26-2023,단체급식시설 환기에 관한 기술지침
1228,리스크관리,2014-11-24,X,리스크관리지침,1,2014,X-1-2014,리스크 관리의 용어 정의에 관한 지침
1229,리스크관리,2012-06-20,X,리스크관리지침,5,2012,X-5-2012,중소규모 사업장의 안전보건을 위한 리스크평가 지침
1230,리스크관리,2012-06-20,X,리스크관리지침,6,2012,X-6-2012,고장형태와 영향분석(FMEA)기법에 관한 지침
1231,리스크관리,2012-06-20,X,리스크관리지침,7,2012,X-7-2012,리스크 관리에서의 인적신뢰도분석에 관한 지침
1232,리스크관리,2012-06-20,X,리스크관리지침,8,2012,X-8-2012,예비위험분석에 관한 지침
1233,산업보건일반,2012-06-20,X,리스크관리지침,9,2012,X-9-2012,온열작업 환경에서의 불편감 예방을 위한 리스크평가 지침
1234,산업보건일반,2012-06-20,X,리스크관리지침,10,2012,X-10-2012,저온 접촉면에 대한 인체반응의 리스크평가 지침
1235,산업안전일반,2012-06-20,X,리스크관리지침,11,2012,X-11-2012,작업장의 폭력 리스크 관리 지침
1236,산업안전일반,2012-06-20,X,리스크관리지침,12,2012,X-12-2012,산림작업 시 안전보건 리스크관리 지침
1237,리스크관리,2012-06-20,X,리스크관리지침,13,2012,X-13-2012,중소규모 사업장의 리스크평가 관련 유해위험요인 분류를 위한 기술지침
1238,리스크관리,2014-11-24,X,리스크관리지침,14,2014,X-14-2014,4M 리스크 평가 기법에 관한 기술지침
1239,산업보건일반,2012-06-20,X,리스크관리지침,15,2012,X-15-2012,저온작업에 대한 리스크 관리지침
1240,리스크관리,2012-06-20,X,리스크관리지침,19,2012,X-19-2012,리스크 분석방법에 관한 지침
1241,리스크관리,2012-06-20,X,리스크관리지침,27,2012,X-27-2012,화학물질 리스크 관리를 위한 작업공정별 관리요령에 관한 지침
1242,리스크관리,2014-11-24,X,리스크관리지침,28,2014,X-28-2014,안전보건경영시스템 이해를 위한 지침
1243,리스크관리,2012-06-20,X,리스크관리지침,29,2012,X-29-2012,안전확보를 위한 정보기술시스템에 관한 리스크 관리지침
1244,리스크관리,2012-06-20,X,리스크관리지침,30,2012,X-30-2012,사업장 화재 및 응급서비스에 관한 리스크 관리지침
1245,리스크관리,2012-06-20,X,리스크관리지침,31,2012,X-31-2012,화재 리스크 평가에 관한 기술지침
1246,리스크관리,2012-06-20,X,리스크관리지침,32,2012,X-32-2012,리스크 처리 방법에 관한 지침
1247,리스크관리,2012-06-20,X,리스크관리지침,33,2012,X-33-2012,나노물질 제조취급 작업장의 리스크 평가에 관한 기술지침
1248,리스크관리,2014-11-24,X,리스크관리지침,34,2014,X-34-2014,공정수명 단계별 리스크평가 기법의 선정에 관한 지침
1249,리스크관리,2014-11-24,X,리스크관리지침,35,2014,X-35-2014,확률론적 리스크 평가 절차에 관한 지침
1250,리스크관리,2016-08-30,X,리스크관리지침,36,2016,X-36-2016,이삿짐 운반용 리프트 작업의 리스크 확인 지침
1251,리스크관리,2012-06-20,X,리스크관리지침,37,2012,X-37-2012,리스크 관리 체계 구축 시 고려 사항에 관한 지침
1252,리스크관리,2014-11-24,X,리스크관리지침,38,2014,X-38-2014,체크리스트를 이용한 사업장의 리스크평가 기술지침
1253,리스크관리,2011-12-26,X,리스크관리지침,39,2011,X-39-2011,정성적 보우타이(Bow-Tie) 리스크 평가 기법에 관한 지침
1254,리스크관리,2011-12-26,X,리스크관리지침,40,2011,X-40-2011,반정량적(Semi-quantitative) 보우타이(Bow-Tie) 리스크 평가 기법에 관한 지침
1255,산업안전일반,2011-12-26,X,리스크관리지침,41,2011,X-41-2011,단독작업 리스크의 통제에 관한 일반지침
1256,리스크관리,2011-12-26,X,리스크관리지침,42,2011,X-42-2011,리스크 확인을 위한 정보 및 접근방법에 관한 지침
1257,리스크관리,2011-12-26,X,리스크관리지침,43,2011,X-43-2011,원인결과분석(CCA)기법에 관한 기술지침
1258,리스크관리,2016-08-30,X,리스크관리지침,44,2016,X-44-2016,고소작업대 작업의 리스크 확인지침
1259,리스크관리,2014-11-24,X,리스크관리지침,45,2014,X-45-2014,도로 및 선로작업에서 리스크 감소를 위한 반사조끼 사용에 관한 지침
1260,리스크관리,2011-12-26,X,리스크관리지침,46,2011,X-46-2011,물류창고의 화재 리스크 감소에 관한 기술지침
1261,리스크관리,2011-12-26,X,리스크관리지침,47,2011,X-47-2011,사고예상질문/체크리스트분석 결합기법에 관한 기술지침
1262,리스크관리,2018-11-05,X,리스크관리지침,49,2018,X-49-2018,위험물 운송 시 탱크트럭의 정량적 리스크 분석에 관한 기술지침
1263,리스크관리,2011-12-26,X,리스크관리지침,50,2011,X-50-2011,사업장에서 리스크 평가 권고사항의 우선순위에 관한 지침
1264,리스크관리,2012-11-02,X,리스크관리지침,51,2012,X-51-2012,신기술 개발시의 리스크 평가지침
1265,리스크관리,2012-11-02,X,리스크관리지침,52,2012,X-52-2012,생산시스템의 수명주기에 따른 리스크 평가지침
1266,리스크관리,2012-11-02,X,리스크관리지침,53,2012,X-53-2012,시스템 설계단계에서의 리스크 평가지침
1267,리스크관리,2012-11-02,X,리스크관리지침,54,2012,X-54-2012,생산시스템 리스크관리를 위한 사용설명서 작성지침
1268,리스크관리,2012-11-02,X,리스크관리지침,55,2012,X-55-2012,생산시스템의 리스크관리를 위한 경고표시 지침
1269,리스크관리,2012-11-29,X,리스크관리지침,56,2012,X-56-2012,생산시스템 생산단계에서의 리스크 관리지침(안)
1270,리스크관리,2012-11-29,X,리스크관리지침,57,2012,X-57-2012,생산시스템 리스크관리를 위한 원자재구매 지침(안)
1271,리스크관리,2012-11-29,X,리스크관리지침,58,2012,X-58-2012,리스크 커뮤니케이션 지침(안)
1272,리스크관리,2012-11-29,X,리스크관리지침,59,2012,X-59-2012,생산시스템의 리스크관리를 위한 안전관리 기준 개발 지침(안)
1273,리스크관리,2013-11-07,X,리스크관리지침,60,2013,X-60-2013,설비배치 계획 및 변경시의 리스크 평가지침
1274,리스크관리,2013-11-07,X,리스크관리지침,61,2013,X-61-2013,생산 기계·설비의 조립 및 설치시의 리스크 평가지침
1275,리스크관리,2013-11-07,X,리스크관리지침,62,2013,X-62-2013,생산설비 화재 대응시의 리스크 평가지침
1276,리스크관리,2013-11-07,X,리스크관리지침,63,2013,X-63-2013,생산설비 폭발 대응시의 리스크 평가지침
1277,리스크관리,2013-11-07,X,리스크관리지침,64,2013,X-64-2013,유해·위험물질 누출시의 리스크 평가지침
1278,리스크관리,2013-11-07,X,리스크관리지침,65,2013,X-65-2013,생산설비 보전작업시의 리스크 평가지침
1279,리스크관리,2013-11-07,X,리스크관리지침,66,2013,X-66-2013,생산관련 물류작업시의 리스크 평가지침
1280,리스크관리,2015-12-07,X,리스크관리지침,67,2015,X-67-2015,조직의 위험관리에 관한 지침
1281,리스크관리,2015-12-07,X,리스크관리지침,68,2015,X-68-2015,밀폐공간 위험관리에 관한 기술지침
1282,리스크관리,2016-12-19,X,리스크관리지침,69,2016,X-69-2016,제어실 운전원 휴먼에러확률 예측기법(THERP)에 관한 기술지침
1283,리스크관리,2016-12-19,X,리스크관리지침,70,2016,X-70-2016,운전원 행동분석(OAT)에 관한 기술지침
1284,리스크관리,2016-12-19,X,리스크관리지침,71,2016,X-71-2016,인지신뢰도 및 휴먼에러분석기법(CREAM)에 관한 기술지침
1285,리스크관리,2017-10-31,X,리스크관리지침,72,2017,X-72-2017,휴먼에러의 체계적 예측 및 저감방법(SHERPA)에 관한 지침
1286,리스크관리,2017-10-31,X,리스크관리지침,73,2017,X-73-2017,휴먼에러에 대한 위험과 운전분석(Human error HAZOP) 기법에 관한 지침
1287,리스크관리,2017-10-31,X,리스크관리지침,74,2017,X-74-2017,휴먼에러의 정량적 평가 및 저감 기법(HEART)에 관한 지침
1288,리스크관리,2017-10-31,X,리스크관리지침,75,2017,X-75-2017,설계 단계에서의 휴먼에러 평가기법(THEA)에 관한 지침
1289,리스크관리,2018-11-05,X,리스크관리지침,76,2018,X-76-2018,안전관련 시스템의 공통원인고장의 영향 정량화에 관한 기술지침
1290,리스크관리,2018-11-05,X,리스크관리지침,77,2018,X-77-2018,안전관련 시스템의 하드웨어 고장확률 계산에 관한 기술지침
1291,리스크관리,2018-11-05,X,리스크관리지침,78,2018,X-78-2018,LNG 및 인화성가스 저장탱크의 위험성평가에 관한 기술지침
1292,리스크관리,2023-03-08,Z,안전경영관리지침,1,2023,Z-1-2023,효과적인 안전 리더십 특성을 활용한 리더십 평가 및 개발방안에 관한 지침
1293,리스크관리,2023-03-08,Z,안전경영관리지침,2,2023,Z-2-2023,산업안전보건위원회 구성 및 운영에 관한 지침
1294,리스크관리,2022-12-31,Z,안전경영관리지침,3,2022,Z-3-2022,리스크 관리 원칙 및 위험성평가 활용에 관한 지침
1295,리스크관리,2023-03-08,Z,안전경영관리지침,4,2023,Z-4-2023,적격 수급업체 선정 및 도급사업 안전보건관리에 관한 지침
1296,리스크관리,2022-12-31,Z,안전경영관리지침,5,2022,Z-5-2022,작업허가 및 작업전 안전회의에 관한 지침
1297,리스크관리,2022-12-31,Z,안전경영관리지침,6,2022,Z-6-2022,작업장 안전확인 및 점검에 관한 지침
1298,리스크관리,2023-03-08,Z,안전경영관리지침,7,2023,Z-7-2023,안전제안에 관한 지침
1299,리스크관리,2023-03-08,Z,안전경영관리지침,8,2023,Z-8-2023,사고조사의 실시 및 활용에 관한 지침
1300,리스크관리,2022-12-31,Z,안전경영관리지침,9,2022,Z-9-2022,안전보건경영시스템 심사에 관한 지침
1301,리스크관리,2023-03-08,Z,안전경영관리지침,10,2023,Z-10-2023,변화관리에 관한 지침
1302,리스크관리,2022-12-31,Z,안전경영관리지침,11,2022,Z-11-2022,안전보건교육훈련 계획수립 및 실시에 관한 지침
1303,리스크관리,2022-12-31,Z,안전경영관리지침,12,2022,Z-12-2022,안전보건경영시스템의 적용 범위 결정방법에 관한 지침
1304,리스크관리,2022-12-31,Z,안전경영관리지침,13,2022,Z-13-2022,사업장의 내·외부 현안사항 파악방법에 관한 지침
1305,리스크관리,2022-12-31,Z,안전경영관리지침,14,2022,Z-14-2022,안전보건방침 및 목표에 관한 지침
1306,리스크관리,2022-12-31,Z,안전경영관리지침,15,2022,Z-15-2022,"조직의 역할, 책임 및 권한에 관한 지침"
1307,리스크관리,2022-12-31,Z,안전경영관리지침,16,2022,Z-16-2022,근로자의 참여 방안에 관한 지침
1308,리스크관리,2022-12-31,Z,안전경영관리지침,17,2022,Z-17-2022,법규 및 그 밖의 요구사항 검토에 관한 지침
1309,리스크관리,2022-12-31,Z,안전경영관리지침,18,2022,Z-18-2022,근로자의 능력 보유 및 자격유지에 관한 지침
1310,리스크관리,2022-12-31,Z,안전경영관리지침,19,2022,Z-19-2022,조직의 의사소통 및 정보제공에 관한 지침
1311,리스크관리,2022-12-31,Z,안전경영관리지침,20,2022,Z-20-2022,조직의 성과측정 계획수립 및 실행방안에 관한 지침 
1312,리스크관리,2022-12-31,Z,안전경영관리지침,21,2022,Z-21-2022,내부심사에 관한 지침
1313,리스크관리,2022-12-31,Z,안전경영관리지침,22,2022,Z-22-2022,협력업체 활동지원에 관한 지침
1314,리스크관리,2022-12-31,Z,안전경영관리지침,23,2022,Z-23-2022,산업재해조사·기록 및 통계분석에 관한 지침
1315,리스크관리,2022-12-31,Z,안전경영관리지침,24,2022,Z-24-2022,안전문화 평가 및 증진에 관한 지침
1316,리스크관리,2022-12-31,Z,안전경영관리지침,25,2022,Z-25-2022,안전보건관리규정 작성 및 준수에 관한 지침
1317,리스크관리,2022-12-31,Z,안전경영관리지침,26,2022,Z-26-2022,안전 및 보건에 관한 협의체 구성 및 운영에 관한 지침
1318,리스크관리,2022-12-31,Z,안전경영관리지침,27,2022,Z-27-2022,건설공사 발주자의 산업재해예방 조치에 관한 세부지침
1319,리스크관리,2022-12-31,Z,안전경영관리지침,28,2022,Z-28-2022,안전보건표지 설치 및 유지관리에 관한 지침
1320,리스크관리,2022-12-31,Z,안전경영관리지침,29,2022,Z-29-2022,사고분석에 관한 지침
1321,리스크관리,2022-12-31,Z,안전경영관리지침,30,2022,Z-30-2022,제조업 등의 정비보수절차에 관한 지침
1322,리스크관리,2022-12-31,Z,안전경영관리지침,31,2022,Z-31-2022,조직 레질리언스 측정에 관한 지침
1323,리스크관리,2022-12-31,Z,안전경영관리지침,32,2022,Z-32-2022,트라우마 평가 지침
1324,리스크관리,2022-12-31,Z,안전경영관리지침,33,2022,Z-33-2022,피로 평가 지침 
1325,리스크관리,2022-12-31,Z,안전경영관리지침,34,2022,Z-34-2022,직무 스트레스 평가에 관한 지침
1326,리스크관리,2022-12-31,Z,안전경영관리지침,35,2022,Z-35-2022,작업량 평가 지침
1327,리스크관리,2022-12-31,Z,안전경영관리지침,36,2022,Z-36-2022,작업(업무)관련 안전보건절차 검토에 관한 지침
1328,리스크관리,2022-12-31,Z,안전경영관리지침,37,2022,Z-37-2022,선행지표에 관한 지침
1329,리스크관리,2023-03-08,Z,안전경영관리지침,38,2023,Z-38-2023,조직의 팀 빌딩(Team-building)에 관한 지침
1330,리스크관리,2022-12-31,Z,안전경영관리지침,39,2022,Z-39-2022,안전문화 측정에 관한 지침
1331,리스크관리,2022-12-31,Z,안전경영관리지침,40,2022,Z-40-2022,LOTO에 관한 지침
1332,리스크관리,2022-12-31,Z,안전경영관리지침,41,2022,Z-41-2022,화재 위험성평가에 관한 지침
1333,리스크관리,2022-12-31,Z,안전경영관리지침,42,2022,Z-42-2022,시정조치에 관한 지침
1334,리스크관리,2022-12-31,Z,안전경영관리지침,43,2022,Z-43-2022,안전문화 증진 및 개선에 관한 지침
1335,리스크관리,2022-12-31,Z,안전경영관리지침,44,2022,Z-44-2022,안전 KPI 설정 및 성과측정에 관한 지침
1336,리스크관리,2022-12-31,Z,안전경영관리지침,45,2022,Z-45-2022,안전보건방침 수립 및 검토에 관한 지침
1337,리스크관리,2022-12-31,Z,안전경영관리지침,46,2022,Z-46-2022,안전조직 분석 및 설계에 관한 지침
1338,리스크관리,2022-12-31,Z,안전경영관리지침,47,2022,Z-47-2022,안전작업절차에 관한 지침
1339,리스크관리,2022-12-31,Z,안전경영관리지침,48,2022,Z-48-2022,근로자 건강유지/증진/관리에 관한 지침
1340,리스크관리,2022-12-31,Z,안전경영관리지침,49,2022,Z-49-2022,근로자 협의 및 참여에 관한 지침
1341,리스크관리,2022-12-31,Z,안전경영관리지침,50,2022,Z-50-2022,작업중지에 관한 지침
1342,리스크관리,2022-12-31,Z,안전경영관리지침,51,2022,Z-51-2022,컴플라이언스 경영시스템에 관한 지침
1343,리스크관리,2022-12-31,Z,안전경영관리지침,52,2022,Z-52-2022,갈등관리에 관한 지침
1344,리스크관리,2022-12-31,Z,안전경영관리지침,53,2022,Z-53-2022,관리자 안전 역량에 관한 지침
1345,리스크관리,2022-12-31,Z,안전경영관리지침,54,2022,Z-54-2022,동기부여에 관한 지침
1346,리스크관리,2022-12-31,Z,안전경영관리지침,55,2022,Z-55-2022,상황인식과 안전에 관한 지침
1347,리스크관리,2022-12-31,Z,안전경영관리지침,56,2022,Z-56-2022,소통과 안전에 관한 지침
1348,리스크관리,2022-12-31,Z,안전경영관리지침,57,2022,Z-57-2022,수면과 안전에 관한 지침
1349,리스크관리,2022-12-31,Z,안전경영관리지침,58,2022,Z-58-2022,의사결정과 안전에 관한 지침
1350,리스크관리,2022-12-31,Z,안전경영관리지침,59,2022,Z-59-2022,훈련기술에 관한 지침
1351,리스크관리,2022-12-31,Z,안전경영관리지침,60,2022,Z-60-2022,인지 오류에 관한 지침
1352,리스크관리,2022-12-31,Z,안전경영관리지침,61,2022,Z-61-2022,주의력과 안전에 관한 지침
